id,typ,upplåtelseform,rum,boyta,boyta_enhet,tillgänglig,created_at,adress,lat,lon,plats_id,sparad,poi_kollektivtrafik,poi_utbildning_kultur,poi_mat_shopping,poi_fritid,poi_religion_tro,poi_halsa,poi_ovrigt
1,hus,köpa,4,108,m²,True,2025-08-29,Drottninggatan 28,59.3382,17.94255,1,0,0,0,0,0,0,0,0
2,hus,köpa,6,138,m²,True,2026-03-18,Skolvägen 104,55.58171,13.03274,2,0,0,0,0,0,0,0,0
3,lägenhet,hyra,3,75,m²,True,2025-09-22,Drottninggatan 90,55.6047,12.96912,3,0,0,0,0,0,0,0,0
4,lägenhet,köpa,3,69,m²,True,2026-01-01,Kyrkogatan 33,57.69446,11.96088,4,0,0,0,0,0,0,0,0
5,lägenhet,hyra,2,42,m²,False,2025-09-14,Hornsgatan 94,55.58295,12.93665,5,0,0,0,0,0,0,0,0
6,lägenhet,hyra,2,38,m²,True,2026-02-05,Parkvägen 117,59.31927,18.15843,6,0,0,0,0,0,0,0,0
7,lägenhet,köpa,3,66,m²,True,2025-08-07,Storgatan 16,55.58862,12.9365,5,0,0,0,0,0,0,0,0
8,lägenhet,köpa,1,27,m²,False,2026-02-21,Bergsgatan 70,57.69715,11.92887,7,0,0,0,0,0,0,0,0
9,lägenhet,köpa,2,56,m²,True,2025-12-14,Hornsgatan 71,57.73158,11.90785,8,0,0,0,0,0,0,0,0
10,hus,köpa,5,125,m²,False,2025-05-03,Drottninggatan 89,57.69484,11.95641,4,0,0,0,0,0,0,0,0
11,lägenhet,hyra,3,69,m²,True,2025-05-10,Kungsgatan 117,59.30316,17.99312,9,0,0,0,0,0,0,0,0
12,hus,köpa,1,23,m²,True,2026-01-13,Sveavägen 19,55.5688,12.98361,10,0,0,0,0,0,0,0,0
13,lägenhet,köpa,1,18,m²,True,2025-09-09,Björkgatan 14,57.70642,11.92857,7,0,0,0,0,0,0,0,0
14,hus,köpa,3,75,m²,False,2025-05-31,Kungsgatan 65,57.73454,11.89358,8,0,0,0,0,0,0,0,0
15,lägenhet,köpa,4,72,m²,True,2026-01-10,Drottninggatan 79,55.56111,12.96609,10,0,0,0,0,0,0,0,0
16,hus,köpa,3,78,m²,False,2025-08-21,Björkgatan 57,57.7335,11.90143,8,0,0,0,0,0,0,0,0
17,lägenhet,hyra,2,44,m²,True,2025-11-06,Björkgatan 69,57.70548,11.92576,7,0,0,0,0,0,0,0,0
18,lägenhet,hyra,6,144,m²,True,2025-06-13,Bergsgatan 42,55.55658,12.97035,10,0,0,0,0,0,0,0,0
19,lägenhet,köpa,3,81,m²,True,2025-06-17,Björkgatan 57,57.70637,11.97519,11,0,0,0,0,0,0,0,0
20,hus,köpa,5,105,m²,True,2025-05-21,Drottninggatan 12,55.62155,12.98099,3,0,0,0,0,0,0,0,0
21,hus,köpa,5,105,m²,True,2026-03-18,Strandvägen 22,57.70658,11.97348,11,0,0,0,0,0,0,0,0
22,lägenhet,köpa,2,56,m²,True,2025-10-14,Strandvägen 47,55.61593,12.96768,3,0,0,0,0,0,0,0,0
23,lägenhet,köpa,4,108,m²,True,2025-12-12,Parkvägen 27,55.57067,12.97658,10,0,0,0,0,0,0,0,0
24,hus,köpa,2,48,m²,True,2026-02-27,Skolvägen 45,59.33393,18.08263,12,0,0,0,0,0,0,0,0
25,hus,köpa,3,84,m²,False,2026-01-29,Kyrkogatan 66,57.70358,11.93505,7,0,0,0,0,0,0,0,0
26,hus,köpa,2,54,m²,True,2025-07-10,Kyrkogatan 44,55.59181,12.92476,5,0,0,0,0,0,0,0,0
27,lägenhet,hyra,2,52,m²,True,2025-12-08,Storgatan 47,59.33546,18.02418,13,0,0,0,0,0,0,0,0
28,lägenhet,köpa,2,38,m²,True,2026-01-31,Strandvägen 84,57.69663,11.9362,7,0,0,0,0,0,0,0,0
29,lägenhet,köpa,6,168,m²,True,2026-02-06,Björkgatan 28,55.58344,12.92112,5,0,0,0,0,0,0,0,0
30,lägenhet,köpa,2,42,m²,True,2026-02-09,Sveavägen 95,59.31247,18.07721,14,0,0,0,0,0,0,0,0
31,lägenhet,hyra,1,24,m²,True,2025-09-27,Skolvägen 43,55.56701,12.97944,10,0,0,0,0,0,0,0,0
32,hus,köpa,3,75,m²,True,2025-08-25,Drottninggatan 112,57.69446,11.94349,4,0,0,0,0,0,0,0,0
33,hus,köpa,6,144,m²,True,2026-03-15,Storgatan 97,55.61997,12.97024,3,0,0,0,0,0,0,0,0
34,hus,köpa,5,135,m²,False,2026-03-06,Skolvägen 81,55.61007,12.97293,3,0,0,0,0,0,0,0,0
35,hus,köpa,2,38,m²,True,2025-12-20,Sveavägen 85,59.35981,17.99538,15,0,0,0,0,0,0,0,0
36,lägenhet,köpa,2,38,m²,False,2025-10-08,Sveavägen 29,55.56362,12.98017,10,0,0,0,0,0,0,0,0
37,lägenhet,köpa,1,20,m²,True,2025-07-05,Kyrkogatan 87,55.59765,13.03891,2,0,0,0,0,0,0,0,0
38,hus,köpa,1,21,m²,False,2025-11-23,Sveavägen 111,59.35142,17.99726,15,0,0,0,0,0,0,0,0
39,lägenhet,köpa,1,19,m²,False,2025-05-09,Kungsgatan 100,55.61699,12.97978,3,0,0,0,0,0,0,0,0
40,hus,köpa,4,112,m²,True,2026-01-31,Sveavägen 52,59.36282,18.14732,16,0,0,0,0,0,0,0,0
41,lägenhet,hyra,4,112,m²,False,2025-10-14,Kungsgatan 104,57.68959,11.948830000000001,4,0,0,0,0,0,0,0,0
42,hus,köpa,4,100,m²,False,2025-09-29,Kyrkogatan 61,55.5796,12.93225,5,0,0,0,0,0,0,0,0
43,lägenhet,köpa,5,120,m²,True,2025-12-16,Lindvägen 34,57.69726,11.93825,7,0,0,0,0,0,0,0,0
44,hus,köpa,4,108,m²,True,2026-03-28,Skolvägen 44,59.3342,18.07438,12,0,0,0,0,0,0,0,0
45,lägenhet,köpa,5,125,m²,False,2025-08-31,Bergsgatan 13,59.3316,17.9338,1,0,0,0,0,0,0,0,0
46,hus,köpa,5,95,m²,True,2025-09-13,Hornsgatan 84,59.24193,18.09207,17,0,0,0,0,0,0,0,0
47,lägenhet,hyra,2,56,m²,True,2025-05-16,Björkgatan 30,57.72986,11.90906,8,0,0,0,0,0,0,0,0
48,lägenhet,köpa,6,162,m²,True,2025-09-22,Parkvägen 24,59.37392,18.15641,16,0,0,0,0,0,0,0,0
49,lägenhet,hyra,4,96,m²,True,2025-11-05,Kungsgatan 9,57.70613,11.94926,4,0,0,0,0,0,0,0,0
50,hus,köpa,2,52,m²,True,2025-09-15,Kungsgatan 51,57.70389,11.9755,11,0,0,0,0,0,0,0,0
51,hus,köpa,6,132,m²,False,2025-06-22,Parkvägen 66,59.30772,18.00442,9,0,0,0,0,0,0,0,0
52,lägenhet,hyra,4,104,m²,True,2025-05-30,Lindvägen 89,59.37882,17.90401,18,0,0,0,0,0,0,0,0
53,lägenhet,köpa,1,26,m²,True,2025-12-08,Sveavägen 25,55.59466,12.93502,5,0,0,0,0,0,0,0,0
54,hus,köpa,6,120,m²,True,2025-04-28,Kungsgatan 74,59.30834,18.07161,14,0,0,0,0,0,0,0,0
55,lägenhet,hyra,5,100,m²,True,2026-03-24,Hornsgatan 37,55.58158,12.93187,5,0,0,0,0,0,0,0,0
56,hus,hyra,2,52,m²,False,2025-04-18,Sveavägen 112,57.7084,11.92741,7,0,0,0,0,0,0,0,0
57,lägenhet,köpa,3,81,m²,True,2026-03-20,Hornsgatan 85,55.62257,12.97462,3,0,0,0,0,0,0,0,0
58,lägenhet,hyra,6,108,m²,True,2025-05-07,Kyrkogatan 23,55.56111,12.97231,10,0,0,0,0,0,0,0,0
59,hus,köpa,5,135,m²,True,2025-08-17,Lindvägen 54,59.32192,18.06496,14,0,0,0,0,0,0,0,0
60,hus,köpa,5,105,m²,True,2026-02-26,Kungsgatan 111,59.31833,18.06716,14,0,0,0,0,0,0,0,0
61,hus,köpa,6,144,m²,True,2025-08-08,Lindvägen 37,55.62286,12.97777,3,0,0,0,0,0,0,0,0
62,lägenhet,köpa,6,126,m²,False,2025-11-11,Sveavägen 63,59.30268,18.00997,9,0,0,0,0,0,0,0,0
63,lägenhet,köpa,2,44,m²,True,2025-07-18,Bergsgatan 25,59.38763,17.89566,18,0,0,0,0,0,0,0,0
64,lägenhet,hyra,1,26,m²,True,2025-04-10,Strandvägen 98,55.55821,12.97818,10,0,0,0,0,0,0,0,0
65,lägenhet,köpa,4,76,m²,False,2026-03-13,Drottninggatan 14,59.34028,18.03989,19,0,0,0,0,0,0,0,0
66,hus,köpa,1,23,m²,False,2026-01-15,Kungsgatan 71,57.6908,11.94847,4,0,0,0,0,0,0,0,0
67,lägenhet,hyra,1,28,m²,True,2025-12-12,Kyrkogatan 3,55.56473,12.96707,10,0,0,0,0,0,0,0,0
68,lägenhet,hyra,3,84,m²,False,2026-01-28,Parkvägen 61,55.61117,12.97631,3,0,0,0,0,0,0,0,0
69,hus,köpa,3,54,m²,True,2026-01-07,Lindvägen 85,59.39216,17.90706,18,0,0,0,0,0,0,0,0
70,hus,köpa,4,80,m²,True,2025-07-09,Lindvägen 22,57.717060000000004,11.98203,11,0,0,0,0,0,0,0,0
71,lägenhet,köpa,6,114,m²,False,2025-08-24,Lindvägen 62,55.61882,12.97935,3,0,0,0,0,0,0,0,0
72,hus,köpa,3,81,m²,False,2025-04-20,Parkvägen 93,55.55971,12.98393,10,0,0,0,0,0,0,0,0
73,lägenhet,köpa,2,38,m²,False,2025-06-10,Kyrkogatan 101,59.34386,17.93847,1,0,0,0,0,0,0,0,0
74,lägenhet,köpa,4,100,m²,True,2026-01-14,Drottninggatan 53,59.35662,17.97851,20,0,0,0,0,0,0,0,0
75,hus,köpa,1,21,m²,True,2026-04-04,Drottninggatan 26,57.68723,11.94571,4,0,0,0,0,0,0,0,0
76,lägenhet,köpa,2,48,m²,True,2025-10-07,Drottninggatan 31,55.60842,12.96698,3,0,0,0,0,0,0,0,0
77,lägenhet,köpa,5,125,m²,False,2025-04-19,Hornsgatan 6,59.33588,17.94196,1,0,0,0,0,0,0,0,0
78,lägenhet,hyra,1,28,m²,False,2025-08-25,Lindvägen 93,57.68854,11.94302,4,0,0,0,0,0,0,0,0
79,hus,köpa,4,96,m²,False,2025-12-31,Lindvägen 54,55.61245,12.9848,3,0,0,0,0,0,0,0,0
80,hus,köpa,4,80,m²,True,2025-06-03,Kyrkogatan 89,59.3447,18.05149,19,0,0,0,0,0,0,0,0
81,hus,köpa,5,130,m²,True,2026-02-11,Hornsgatan 31,55.57928,12.92882,5,0,0,0,0,0,0,0,0
82,hus,köpa,4,84,m²,True,2026-01-02,Bergsgatan 57,55.58784,13.02667,2,0,0,0,0,0,0,0,0
83,lägenhet,köpa,2,46,m²,False,2025-09-13,Kungsgatan 8,57.70542,11.93856,7,0,0,0,0,0,0,0,0
84,lägenhet,köpa,1,20,m²,True,2025-04-13,Kungsgatan 2,59.33489,18.03635,13,0,0,0,0,0,0,0,0
85,lägenhet,hyra,5,120,m²,False,2025-11-20,Hornsgatan 36,57.73154,11.89036,8,0,0,0,0,0,0,0,0
86,hus,hyra,2,42,m²,False,2025-10-09,Parkvägen 74,57.72948,11.89293,8,0,0,0,0,0,0,0,0
87,lägenhet,köpa,3,84,m²,True,2026-04-05,Strandvägen 25,57.70744,11.9309,7,0,0,0,0,0,0,0,0
88,lägenhet,köpa,5,120,m²,True,2025-12-05,Björkgatan 79,59.24529,18.08989,17,0,0,0,0,0,0,0,0
89,hus,köpa,6,156,m²,False,2025-05-02,Parkvägen 92,59.38807,17.89455,18,0,0,0,0,0,0,0,0
90,hus,köpa,5,100,m²,True,2025-09-17,Bergsgatan 96,55.58789,12.93178,5,0,0,0,0,0,0,0,0
91,lägenhet,hyra,1,19,m²,True,2025-05-16,Strandvägen 60,55.55815,12.98292,10,0,0,0,0,0,0,0,0
92,lägenhet,köpa,5,95,m²,True,2026-02-27,Hornsgatan 76,59.35662,17.97648,20,0,0,0,0,0,0,0,0
93,hus,hyra,6,156,m²,False,2026-02-07,Lindvägen 16,55.58666,12.9265,5,0,0,0,0,0,0,0,0
94,hus,köpa,1,28,m²,True,2025-08-31,Drottninggatan 115,55.58051,12.93325,5,0,0,0,0,0,0,0,0
95,lägenhet,köpa,6,132,m²,True,2025-08-21,Parkvägen 112,57.7313,11.90147,8,0,0,0,0,0,0,0,0
96,hus,köpa,4,112,m²,False,2025-09-13,Kyrkogatan 59,55.57911,12.93322,5,0,0,0,0,0,0,0,0
97,hus,köpa,5,105,m²,True,2025-05-09,Drottninggatan 8,57.71522,11.97166,11,0,0,0,0,0,0,0,0
98,lägenhet,hyra,5,120,m²,False,2025-09-27,Kyrkogatan 37,55.56552,12.96659,10,0,0,0,0,0,0,0,0
99,hus,köpa,2,52,m²,True,2025-09-17,Storgatan 70,55.60334,12.96727,3,0,0,0,0,0,0,0,0
100,hus,köpa,1,18,m²,False,2025-08-10,Kungsgatan 38,59.3461,18.07188,12,0,0,0,0,0,0,0,0
101,hus,köpa,5,115,m²,True,2025-04-09,Lindvägen 10,57.69994,11.956150000000001,4,0,0,0,0,0,0,0,0
102,hus,köpa,1,26,m²,True,2025-11-07,Sveavägen 82,55.58851,12.92678,5,0,0,0,0,0,0,0,0
103,hus,köpa,6,162,m²,False,2026-04-05,Kyrkogatan 104,55.55489,12.9799,10,0,0,0,0,0,0,0,0
104,hus,köpa,5,135,m²,True,2025-09-09,Sveavägen 16,59.31979,18.06378,14,0,0,0,0,0,0,0,0
105,hus,köpa,1,21,m²,True,2025-09-20,Storgatan 55,59.32318,18.0629,14,0,0,0,0,0,0,0,0
106,lägenhet,köpa,2,48,m²,False,2025-06-07,Kyrkogatan 35,59.30296,18.16563,6,0,0,0,0,0,0,0,0
107,lägenhet,köpa,2,52,m²,False,2025-07-28,Lindvägen 95,57.68929,11.95606,4,0,0,0,0,0,0,0,0
108,lägenhet,köpa,5,105,m²,False,2025-10-05,Björkgatan 114,55.55813,12.966990000000001,10,0,0,0,0,0,0,0,0
109,lägenhet,köpa,5,110,m²,False,2025-04-14,Kungsgatan 87,55.61742,12.9811,3,0,0,0,0,0,0,0,0
110,hus,köpa,1,22,m²,True,2025-05-19,Sveavägen 64,59.33514,18.04456,19,0,0,0,0,0,0,0,0
111,hus,köpa,4,100,m²,False,2025-05-09,Strandvägen 43,55.58378,13.02239,2,0,0,0,0,0,0,0,0
112,lägenhet,köpa,6,132,m²,False,2025-10-31,Hornsgatan 28,59.24923,18.09022,17,0,0,0,0,0,0,0,0
113,hus,köpa,1,20,m²,True,2025-11-08,Kyrkogatan 85,57.69807,11.93341,7,0,0,0,0,0,0,0,0
114,hus,köpa,5,130,m²,True,2025-05-04,Kungsgatan 120,59.31099,18.07614,14,0,0,0,0,0,0,0,0
115,lägenhet,hyra,1,18,m²,False,2026-03-14,Skolvägen 110,55.57064,12.96906,10,0,0,0,0,0,0,0,0
116,hus,köpa,3,75,m²,True,2025-06-18,Lindvägen 79,55.58925,13.02979,2,0,0,0,0,0,0,0,0
117,hus,köpa,2,38,m²,True,2025-11-09,Storgatan 44,59.23523,18.101,17,0,0,0,0,0,0,0,0
118,hus,köpa,5,90,m²,True,2025-07-21,Parkvägen 10,55.56392,12.97777,10,0,0,0,0,0,0,0,0
119,lägenhet,hyra,1,20,m²,True,2025-08-23,Strandvägen 71,59.39019,17.90806,18,0,0,0,0,0,0,0,0
120,lägenhet,köpa,3,54,m²,False,2025-07-11,Bergsgatan 5,59.31734,18.06388,14,0,0,0,0,0,0,0,0
121,hus,köpa,3,69,m²,True,2025-07-14,Skolvägen 101,57.70372,11.97041,11,0,0,0,0,0,0,0,0
122,lägenhet,hyra,3,54,m²,True,2026-01-11,Storgatan 102,59.31447,18.06847,14,0,0,0,0,0,0,0,0
123,hus,köpa,3,57,m²,True,2025-05-05,Kungsgatan 118,57.70637,11.96897,11,0,2,0,1,0,0,0,0
124,hus,köpa,3,66,m²,True,2025-10-08,Drottninggatan 16,57.7183,11.98139,11,0,0,0,0,0,0,0,0
125,lägenhet,hyra,6,120,m²,False,2025-10-22,Parkvägen 48,59.25026,18.09813,17,0,0,0,0,0,0,0,0
126,hus,köpa,3,81,m²,False,2025-12-15,Skolvägen 19,55.61893,12.97576,3,0,0,0,0,0,0,0,0
127,hus,köpa,4,72,m²,True,2025-07-25,Björkgatan 16,55.5869,12.93021,5,0,0,0,0,0,0,0,0
128,hus,köpa,4,108,m²,True,2025-08-17,Björkgatan 14,55.59704,13.02698,2,0,0,0,0,0,0,0,0
129,lägenhet,köpa,6,168,m²,True,2025-06-27,Strandvägen 111,57.69251,11.94772,4,0,0,0,0,0,0,0,0
130,hus,köpa,5,90,m²,True,2025-12-16,Sveavägen 33,55.58303,13.03968,2,0,0,0,0,0,0,0,0
131,hus,köpa,3,75,m²,True,2026-02-11,Strandvägen 89,59.32223,18.0759,14,0,0,0,0,0,0,0,0
132,lägenhet,köpa,5,140,m²,False,2025-12-22,Skolvägen 103,57.72178,11.89308,8,0,0,0,0,0,0,0,0
133,hus,hyra,2,52,m²,False,2025-04-09,Drottninggatan 52,59.2342,18.1025,17,0,0,0,0,0,0,0,0
134,lägenhet,köpa,6,156,m²,True,2026-01-21,Hornsgatan 4,59.33239,17.94087,1,0,0,0,0,0,0,0,0
135,hus,hyra,4,80,m²,False,2025-04-18,Lindvägen 100,57.71105,11.96919,11,0,0,0,0,0,0,0,0
136,hus,köpa,4,92,m²,True,2025-11-14,Drottninggatan 13,59.3126,18.1719,6,0,0,0,0,0,0,0,0
137,hus,köpa,2,44,m²,True,2026-02-27,Lindvägen 100,57.69198,11.93928,7,0,0,0,0,0,0,0,0
138,hus,köpa,3,84,m²,True,2025-07-25,Parkvägen 30,55.56861,12.97755,10,0,0,0,0,0,0,0,0
139,hus,köpa,5,105,m²,True,2025-08-04,Kyrkogatan 45,57.72749,11.90054,8,0,0,0,0,0,0,0,0
140,hus,köpa,5,115,m²,True,2026-03-23,Parkvägen 83,59.36689,17.97082,20,0,0,0,0,0,0,0,0
141,lägenhet,hyra,5,135,m²,True,2026-01-24,Sveavägen 86,55.59576,13.03504,2,0,0,0,0,0,0,0,0
142,lägenhet,köpa,6,144,m²,True,2025-08-20,Björkgatan 94,55.55362,12.97225,10,0,0,0,0,0,0,0,0
143,hus,köpa,6,114,m²,True,2025-10-16,Strandvägen 78,55.56561,12.98478,10,0,0,0,0,0,0,0,0
144,hus,köpa,4,72,m²,False,2025-12-24,Strandvägen 8,55.60787,12.97019,3,0,0,0,0,0,0,0,0
145,lägenhet,köpa,2,46,m²,True,2026-03-11,Hornsgatan 75,55.55996,12.98029,10,0,0,0,0,0,0,0,0
146,hus,köpa,1,27,m²,False,2026-01-22,Sveavägen 29,59.34507,18.08807,12,0,0,0,0,0,0,0,0
147,lägenhet,hyra,2,42,m²,True,2025-05-28,Kyrkogatan 105,55.61305,12.97281,3,0,0,0,0,0,0,0,0
148,hus,köpa,4,88,m²,True,2026-01-23,Storgatan 71,55.55573,12.97815,10,0,0,0,0,0,0,0,0
149,hus,köpa,2,54,m²,False,2025-09-04,Bergsgatan 76,57.737610000000004,11.89456,8,0,0,0,0,0,0,0,0
150,hus,köpa,5,90,m²,True,2025-06-03,Storgatan 23,55.56436,12.97386,10,0,0,0,0,0,0,0,0
151,hus,köpa,3,54,m²,True,2025-07-22,Skolvägen 29,59.31968,18.06461,14,0,0,0,0,0,0,0,0
152,lägenhet,köpa,5,100,m²,True,2025-12-30,Bergsgatan 17,55.57972,12.93972,5,0,0,0,0,0,0,0,0
153,hus,köpa,3,66,m²,True,2025-04-17,Kungsgatan 22,59.25142,18.0975,17,0,0,0,0,0,0,0,0
154,lägenhet,köpa,6,114,m²,True,2025-10-12,Kyrkogatan 58,55.61826,12.97569,3,0,0,0,0,0,0,0,0
155,lägenhet,hyra,6,162,m²,False,2025-07-04,Bergsgatan 41,57.68943,11.95034,4,0,0,0,0,0,0,0,0
156,hus,köpa,2,38,m²,False,2025-06-21,Parkvägen 93,57.71681,11.96561,11,0,0,0,0,0,0,0,0
157,hus,köpa,6,126,m²,False,2026-03-11,Kungsgatan 69,55.59152,12.92218,5,0,0,0,0,0,0,0,0
158,hus,köpa,6,132,m²,True,2025-09-23,Kyrkogatan 2,57.71524,11.98215,11,0,0,0,0,0,0,0,0
159,lägenhet,köpa,4,92,m²,True,2025-08-14,Parkvägen 1,55.61089,12.98209,3,0,0,0,0,0,0,0,0
160,lägenhet,köpa,4,88,m²,True,2025-11-30,Kyrkogatan 18,57.69966,11.93463,7,0,0,0,0,0,0,0,0
161,hus,köpa,3,75,m²,True,2025-10-01,Drottninggatan 39,55.62173,12.97184,3,0,0,0,0,0,0,0,0
162,hus,köpa,4,100,m²,True,2025-10-30,Björkgatan 21,55.57087,12.96866,10,0,0,0,0,0,0,0,0
163,hus,köpa,6,138,m²,True,2025-12-23,Storgatan 101,57.70463,11.94265,7,0,0,0,0,0,0,0,0
164,lägenhet,köpa,2,56,m²,False,2025-11-17,Strandvägen 46,59.36247,18.14781,16,0,0,0,0,0,0,0,0
165,lägenhet,hyra,4,84,m²,True,2025-05-08,Drottninggatan 96,57.7234,11.89281,8,0,0,0,0,0,0,0,0
166,lägenhet,hyra,1,19,m²,True,2025-10-02,Strandvägen 5,59.31262,18.15451,6,0,0,0,0,0,0,0,0
167,lägenhet,köpa,4,108,m²,False,2025-10-14,Kungsgatan 29,55.62169,12.97101,3,0,0,0,0,0,0,0,0
168,lägenhet,hyra,1,19,m²,True,2025-08-23,Drottninggatan 4,59.30138,17.99427,9,0,0,0,0,0,0,0,0
169,hus,köpa,6,162,m²,False,2025-04-20,Drottninggatan 16,55.5962,13.02882,2,0,0,0,0,0,0,0,0
170,lägenhet,köpa,1,18,m²,True,2025-12-18,Kyrkogatan 106,59.32088,18.1675,6,0,0,0,0,0,0,0,0
171,lägenhet,hyra,1,21,m²,True,2025-08-22,Strandvägen 79,59.32789,17.946180000000002,1,0,0,0,0,0,0,0,0
172,hus,köpa,5,130,m²,True,2025-07-18,Björkgatan 12,55.59189,13.02534,2,0,0,0,0,0,0,0,0
173,lägenhet,köpa,3,75,m²,True,2026-02-10,Sveavägen 106,55.55338,12.97787,10,0,0,0,0,0,0,0,0
174,lägenhet,hyra,3,69,m²,True,2025-07-28,Hornsgatan 96,57.73114,11.90737,8,0,0,0,0,0,0,0,0
175,hus,köpa,3,63,m²,True,2025-12-27,Skolvägen 42,55.60409,12.97662,3,0,0,0,0,0,0,0,0
176,hus,köpa,6,162,m²,False,2025-07-05,Björkgatan 96,55.61564,12.97243,3,0,0,0,0,0,0,0,0
177,hus,köpa,2,44,m²,True,2026-03-22,Sveavägen 4,57.70457,11.92509,7,0,0,0,0,0,0,0,0
178,hus,köpa,2,40,m²,True,2026-03-26,Hornsgatan 101,59.38625,17.91078,18,0,0,0,0,0,0,0,0
179,lägenhet,köpa,2,40,m²,True,2026-03-31,Björkgatan 69,55.59632,13.04126,2,0,0,0,0,0,0,0,0
180,lägenhet,köpa,6,162,m²,True,2025-07-15,Skolvägen 52,57.699510000000004,11.95512,4,0,0,0,0,0,0,0,0
181,lägenhet,köpa,6,138,m²,True,2025-04-11,Sveavägen 115,55.58035,12.9309,5,0,0,0,0,0,0,0,0
182,hus,köpa,1,24,m²,False,2025-05-11,Storgatan 85,55.61909,12.98368,3,0,0,0,0,0,0,0,0
183,lägenhet,köpa,3,81,m²,False,2026-02-05,Parkvägen 67,57.69203,11.92567,7,0,0,0,0,0,0,0,0
184,lägenhet,hyra,3,63,m²,True,2025-07-20,Hornsgatan 7,57.73694,11.90736,8,0,0,0,0,0,0,0,0
185,lägenhet,hyra,4,92,m²,True,2026-01-08,Björkgatan 35,57.69453,11.93448,7,0,0,0,0,0,0,0,0
186,hus,köpa,5,140,m²,True,2026-01-23,Sveavägen 55,59.35709,17.96265,20,0,0,0,0,0,0,0,0
187,lägenhet,hyra,3,84,m²,True,2025-07-30,Drottninggatan 27,57.69391,11.94997,4,0,0,0,0,0,0,0,0
188,lägenhet,köpa,4,104,m²,True,2025-06-06,Drottninggatan 118,59.391,17.8932,18,0,0,0,0,0,0,0,0
189,lägenhet,hyra,6,132,m²,True,2026-01-09,Bergsgatan 39,59.24364,18.08857,17,0,0,0,0,0,0,0,0
190,hus,köpa,1,19,m²,False,2025-08-13,Bergsgatan 27,57.69256,11.94244,4,0,0,0,0,0,0,0,0
191,hus,köpa,1,24,m²,True,2025-06-22,Hornsgatan 9,59.34096,18.04463,19,0,0,0,0,0,0,0,0
192,lägenhet,hyra,2,38,m²,True,2026-01-07,Lindvägen 119,55.60516,12.97205,3,0,0,0,0,0,0,0,0
193,hus,köpa,6,150,m²,True,2025-09-04,Parkvägen 88,55.61338,12.98007,3,0,0,0,0,0,0,0,0
194,lägenhet,köpa,2,50,m²,True,2026-02-11,Storgatan 67,55.55454,12.97721,10,0,0,0,0,0,0,0,0
195,lägenhet,köpa,4,80,m²,False,2025-04-16,Sveavägen 51,59.29582,17.99522,9,0,0,0,0,0,0,0,0
196,hus,köpa,4,76,m²,True,2025-05-25,Lindvägen 62,59.24711,18.09652,17,0,0,0,0,0,0,0,0
197,hus,köpa,4,88,m²,True,2025-05-01,Drottninggatan 42,55.57789,12.93868,5,0,0,0,0,0,0,0,0
198,lägenhet,hyra,5,100,m²,True,2026-01-19,Lindvägen 23,59.37936,17.90241,18,0,0,0,0,0,0,0,0
199,lägenhet,köpa,1,18,m²,True,2025-04-13,Kyrkogatan 38,59.36822,18.14148,16,0,0,0,0,0,0,0,0
200,lägenhet,köpa,6,114,m²,True,2025-07-05,Björkgatan 67,55.57893,12.93656,5,0,0,0,0,0,0,0,0
201,lägenhet,köpa,2,38,m²,True,2026-02-01,Sveavägen 110,57.7313,11.90095,8,0,0,0,0,0,0,0,0
202,hus,köpa,6,156,m²,True,2025-10-25,Parkvägen 18,55.60618,12.98262,3,0,0,0,0,0,0,0,0
203,lägenhet,köpa,5,115,m²,False,2025-06-22,Sveavägen 66,55.61667,12.96752,3,0,0,0,0,0,0,0,0
204,lägenhet,köpa,2,50,m²,True,2026-01-10,Bergsgatan 120,57.70224,11.959060000000001,4,0,0,0,0,0,0,0,0
205,lägenhet,köpa,6,138,m²,True,2025-05-30,Sveavägen 84,59.33945,17.94927,1,0,0,0,0,0,0,0,0
206,hus,köpa,6,108,m²,False,2025-10-10,Kyrkogatan 115,59.33386,18.0223,13,0,0,0,0,0,0,0,0
207,lägenhet,köpa,3,75,m²,True,2025-07-05,Strandvägen 12,59.33018,17.94833,1,0,0,0,0,0,0,0,0
208,hus,köpa,1,25,m²,False,2025-04-30,Skolvägen 62,57.69953,11.98301,11,0,0,0,0,0,0,0,0
209,lägenhet,köpa,1,27,m²,True,2025-05-28,Kyrkogatan 81,59.33781,18.04622,19,0,0,0,0,0,0,0,0
210,hus,köpa,3,66,m²,True,2025-05-26,Hornsgatan 24,59.24069,18.09698,17,0,0,0,0,0,0,0,0
211,hus,köpa,4,100,m²,True,2026-01-04,Drottninggatan 65,59.35869,17.97409,20,0,0,0,0,0,0,0,0
212,lägenhet,köpa,2,46,m²,True,2026-01-21,Kyrkogatan 117,55.59327,13.0389,2,0,0,0,0,0,0,0,0
213,hus,köpa,1,23,m²,True,2025-07-18,Bergsgatan 95,59.34639,18.03988,19,0,0,0,0,0,0,0,0
214,hus,köpa,5,95,m²,True,2025-12-14,Parkvägen 34,59.37635,17.90988,18,0,0,0,0,0,0,0,0
215,lägenhet,hyra,2,46,m²,True,2025-05-19,Bergsgatan 73,57.73645,11.90833,8,0,0,0,0,0,0,0,0
216,hus,köpa,2,56,m²,True,2026-03-23,Björkgatan 14,57.73415,11.9056,8,0,0,0,0,0,0,0,0
217,lägenhet,hyra,6,144,m²,True,2025-06-24,Bergsgatan 11,59.3129,18.15944,6,0,0,0,0,0,0,0,0
218,lägenhet,köpa,6,144,m²,True,2025-12-01,Bergsgatan 55,57.69862,11.9571,4,0,0,0,0,0,0,0,0
219,hus,köpa,1,26,m²,True,2025-07-11,Kungsgatan 100,57.68851,11.94622,4,0,0,0,0,0,0,0,0
220,hus,köpa,4,92,m²,True,2025-09-14,Strandvägen 59,55.61122,12.97641,3,0,0,0,0,0,0,0,0
221,lägenhet,köpa,1,21,m²,False,2025-06-22,Lindvägen 20,57.73836,11.89601,8,0,0,0,0,0,0,0,0
222,hus,köpa,3,78,m²,False,2026-03-25,Kyrkogatan 99,59.24076,18.10285,17,0,0,0,0,0,0,0,0
223,hus,köpa,1,28,m²,True,2025-10-11,Kungsgatan 70,55.59228,13.02892,2,0,0,0,0,0,0,0,0
224,hus,köpa,1,21,m²,True,2026-04-07,Drottninggatan 10,59.34191,18.05686,19,0,0,0,0,0,0,0,0
225,hus,köpa,5,100,m²,False,2025-09-03,Parkvägen 6,57.6981,11.9463,4,0,0,0,0,0,0,0,0
226,hus,köpa,3,57,m²,True,2025-07-06,Lindvägen 52,55.59604,13.03495,2,0,0,0,0,0,0,0,0
227,hus,köpa,4,76,m²,True,2026-01-18,Björkgatan 112,55.58232,13.03114,2,0,0,0,0,0,0,0,0
228,hus,köpa,4,104,m²,False,2025-12-20,Storgatan 42,59.24714,18.08739,17,0,0,0,0,0,0,0,0
229,lägenhet,hyra,2,38,m²,True,2026-03-01,Kungsgatan 68,57.73164,11.90814,8,0,0,0,0,0,0,0,0
230,hus,köpa,4,76,m²,True,2025-06-10,Björkgatan 110,55.58587,12.93525,5,0,0,0,0,0,0,0,0
231,lägenhet,köpa,3,63,m²,True,2025-08-02,Hornsgatan 85,59.36919,18.14445,16,0,0,0,0,0,0,0,0
232,hus,köpa,6,156,m²,True,2025-12-24,Lindvägen 78,55.58559,13.03962,2,0,0,0,0,0,0,0,0
233,lägenhet,hyra,4,108,m²,True,2026-01-31,Hornsgatan 111,57.69407,11.93958,7,0,0,0,0,0,0,0,0
234,hus,köpa,5,115,m²,False,2025-12-01,Lindvägen 102,59.36959,17.9742,20,0,0,0,0,0,0,0,0
235,lägenhet,köpa,6,150,m²,True,2026-03-16,Strandvägen 108,57.70156,11.9403,7,0,0,0,0,0,0,0,0
236,lägenhet,köpa,3,78,m²,True,2026-03-07,Lindvägen 61,57.71631,11.97313,11,0,0,0,0,0,0,0,0
237,hus,köpa,2,46,m²,True,2025-09-02,Sveavägen 15,59.23911,18.09225,17,0,0,0,0,0,0,0,0
238,hus,hyra,3,69,m²,True,2025-07-09,Kyrkogatan 116,55.61919,12.97452,3,0,0,0,0,0,0,0,0
239,hus,köpa,5,95,m²,True,2025-08-07,Bergsgatan 68,59.36212,18.00927,15,0,0,0,0,0,0,0,0
240,hus,köpa,6,120,m²,False,2026-03-23,Parkvägen 62,55.57605,12.92577,5,0,0,0,0,0,0,0,0
241,lägenhet,köpa,2,36,m²,True,2025-08-21,Bergsgatan 42,59.31982,18.15488,6,0,0,0,0,0,0,0,0
242,lägenhet,hyra,4,80,m²,False,2025-10-22,Sveavägen 89,59.35055,18.05598,19,0,0,0,0,0,0,0,0
243,lägenhet,köpa,2,42,m²,True,2025-06-27,Strandvägen 113,57.70631,11.9822,11,0,0,0,0,0,0,0,0
244,hus,köpa,4,72,m²,True,2026-03-20,Skolvägen 59,57.71875,11.97204,11,0,0,0,0,0,0,0,0
245,hus,köpa,6,156,m²,True,2025-09-26,Parkvägen 113,55.58876,13.03645,2,0,0,0,0,0,0,0,0
246,lägenhet,hyra,4,80,m²,True,2025-09-24,Skolvägen 39,57.70441,11.95969,4,0,0,0,0,0,0,0,0
247,lägenhet,hyra,2,38,m²,True,2025-11-07,Strandvägen 60,59.33588,17.93082,1,0,0,0,0,0,0,0,0
248,lägenhet,köpa,4,108,m²,True,2025-09-05,Drottninggatan 117,57.70168,11.9804,11,0,0,0,0,0,0,0,0
249,lägenhet,köpa,5,140,m²,True,2025-09-27,Parkvägen 96,59.33447,18.03711,13,0,0,0,0,0,0,0,0
250,lägenhet,köpa,1,26,m²,True,2025-06-20,Björkgatan 52,59.32843,17.93776,1,0,0,0,0,0,0,0,0
251,lägenhet,köpa,6,156,m²,False,2026-01-08,Sveavägen 95,57.69212,11.95964,4,0,0,0,0,0,0,0,0
252,hus,köpa,2,38,m²,True,2026-02-05,Skolvägen 10,57.69534,11.94299,4,0,0,0,0,0,0,0,0
253,hus,köpa,1,22,m²,False,2026-02-26,Sveavägen 74,57.70622,11.94193,7,0,0,0,0,0,0,0,0
254,lägenhet,köpa,2,52,m²,False,2025-08-17,Kyrkogatan 67,55.55919,12.97363,10,0,0,0,0,0,0,0,0
255,lägenhet,hyra,1,27,m²,True,2025-06-17,Kungsgatan 85,57.69096,11.93532,7,0,0,0,0,0,0,0,0
256,hus,köpa,4,100,m²,True,2026-03-11,Hornsgatan 105,55.58268,13.03432,2,0,0,0,0,0,0,0,0
257,hus,köpa,6,156,m²,True,2026-03-29,Hornsgatan 48,57.73405,11.89543,8,0,0,0,0,0,0,0,0
258,hus,köpa,1,22,m²,True,2025-06-27,Strandvägen 81,57.70968,11.96632,11,0,0,0,0,0,0,0,0
259,hus,köpa,5,105,m²,True,2026-01-26,Hornsgatan 52,57.72403,11.908290000000001,8,0,0,0,0,0,0,0,0
260,hus,köpa,5,95,m²,True,2025-06-02,Drottninggatan 101,57.72668,11.89315,8,0,0,0,0,0,0,0,0
261,lägenhet,köpa,6,156,m²,True,2025-08-06,Kungsgatan 24,57.70179,11.93159,7,0,0,0,0,0,0,0,0
262,lägenhet,köpa,5,95,m²,True,2025-10-01,Sveavägen 113,59.34543,17.94279,1,0,0,0,0,0,0,0,0
263,lägenhet,köpa,3,63,m²,True,2025-04-24,Kyrkogatan 62,55.59564,13.03086,2,0,0,0,0,0,0,0,0
264,hus,köpa,5,100,m²,False,2025-12-04,Kungsgatan 105,59.32672,18.03512,13,0,0,0,0,0,0,0,0
265,hus,köpa,4,84,m²,False,2026-03-13,Sveavägen 39,57.69451,11.949580000000001,4,0,0,0,0,0,0,0,0
266,lägenhet,köpa,2,44,m²,True,2025-04-09,Kyrkogatan 40,59.34587,18.05435,19,0,0,0,0,0,0,0,0
267,hus,köpa,2,50,m²,True,2025-07-01,Skolvägen 116,55.58252,13.03382,2,0,0,0,0,0,0,0,0
268,hus,köpa,1,24,m²,True,2026-02-18,Sveavägen 118,57.69937,11.95724,4,0,0,0,0,0,0,0,0
269,lägenhet,köpa,2,36,m²,True,2026-01-10,Storgatan 74,59.36795,18.00705,15,0,0,0,0,0,0,0,0
270,lägenhet,köpa,6,132,m²,True,2025-07-29,Kungsgatan 100,57.70295,11.951740000000001,4,0,0,0,0,0,0,0,0
271,lägenhet,hyra,4,76,m²,True,2025-05-19,Lindvägen 64,59.34593,18.04237,19,0,0,0,0,0,0,0,0
272,lägenhet,köpa,1,21,m²,True,2026-02-27,Hornsgatan 115,55.59417,12.92266,5,0,0,0,0,0,0,0,0
273,lägenhet,köpa,1,20,m²,True,2025-12-16,Drottninggatan 5,55.60928,12.96919,3,0,0,0,0,0,0,0,0
274,hus,köpa,4,88,m²,True,2025-05-08,Bergsgatan 93,59.33683,18.04957,19,0,0,0,0,0,0,0,0
275,lägenhet,köpa,2,54,m²,True,2025-05-01,Drottninggatan 16,59.31293,18.07737,14,0,0,0,0,0,0,0,0
276,lägenhet,köpa,6,150,m²,True,2025-07-26,Sveavägen 42,57.71053,11.981580000000001,11,0,0,0,0,0,0,0,0
277,lägenhet,köpa,1,20,m²,False,2026-01-26,Kyrkogatan 81,59.38742,17.89791,18,0,0,0,0,0,0,0,0
278,lägenhet,hyra,4,112,m²,True,2025-09-26,Kyrkogatan 72,55.59123,12.93589,5,0,0,0,0,0,0,0,0
279,hus,köpa,5,130,m²,True,2026-03-21,Strandvägen 38,57.70763,11.9842,11,0,0,0,0,0,0,0,0
280,hus,köpa,4,96,m²,True,2025-04-19,Kungsgatan 8,55.5914,13.02275,2,0,0,0,0,0,0,0,0
281,lägenhet,hyra,2,40,m²,False,2026-02-13,Skolvägen 105,55.56799,12.968630000000001,10,0,0,0,0,0,0,0,0
282,hus,köpa,2,40,m²,True,2026-03-17,Strandvägen 109,57.71598,11.98353,11,0,0,0,0,0,0,0,0
283,hus,köpa,6,126,m²,True,2025-12-09,Hornsgatan 15,57.70006,11.95903,4,0,0,0,0,0,0,0,0
284,hus,köpa,4,92,m²,False,2025-10-24,Bergsgatan 20,57.70629,11.95135,4,0,0,0,0,0,0,0,0
285,hus,köpa,5,125,m²,True,2026-04-06,Strandvägen 48,57.710210000000004,11.9711,11,0,0,0,0,0,0,0,0
286,hus,köpa,4,88,m²,False,2025-06-08,Kyrkogatan 6,59.29819,18.00629,9,0,0,0,0,0,0,0,0
287,hus,köpa,5,125,m²,True,2025-09-02,Parkvägen 49,57.72098,11.90678,8,0,0,0,0,0,0,0,0
288,hus,köpa,4,88,m²,False,2025-10-03,Hornsgatan 36,55.62034,12.98018,3,0,0,0,0,0,0,0,0
289,lägenhet,köpa,5,125,m²,True,2025-08-17,Parkvägen 51,55.55391,12.98431,10,0,0,0,0,0,0,0,0
290,hus,köpa,2,46,m²,True,2025-11-12,Sveavägen 13,55.59473,12.93176,5,0,0,0,0,0,0,0,0
291,lägenhet,köpa,1,20,m²,True,2025-11-27,Strandvägen 20,57.68768,11.95107,4,0,0,0,0,0,0,0,0
292,lägenhet,hyra,3,72,m²,True,2025-09-26,Parkvägen 55,57.69137,11.93864,7,0,0,0,0,0,0,0,0
293,lägenhet,köpa,1,24,m²,True,2026-02-17,Hornsgatan 45,57.70345,11.98194,11,0,0,0,0,0,0,0,0
294,hus,köpa,3,63,m²,True,2026-01-25,Kungsgatan 90,59.38216,17.90153,18,0,0,0,0,0,0,0,0
295,hus,köpa,1,28,m²,False,2025-10-31,Sveavägen 6,55.55688,12.97568,10,0,0,0,0,0,0,0,0
296,hus,köpa,5,110,m²,False,2025-06-25,Bergsgatan 35,59.33663,18.05499,19,0,0,0,0,0,0,0,0
297,hus,köpa,2,44,m²,True,2025-07-05,Drottninggatan 106,57.70776,11.93921,7,0,0,0,0,0,0,0,0
298,hus,köpa,2,54,m²,True,2026-03-13,Sveavägen 92,59.30775,18.00179,9,0,0,0,0,0,0,0,0
299,hus,köpa,5,125,m²,True,2025-06-21,Sveavägen 104,55.62275,12.98335,3,0,0,0,0,0,0,0,0
300,lägenhet,hyra,4,104,m²,True,2025-11-24,Storgatan 32,59.30574,18.17253,6,0,0,0,0,0,0,0,0
301,lägenhet,hyra,1,23,m²,False,2025-10-08,Skolvägen 75,55.57055,12.97495,10,0,0,0,0,0,0,0,0
302,lägenhet,köpa,1,18,m²,True,2025-12-29,Kungsgatan 9,55.60595,12.97715,3,0,0,0,0,0,0,0,0
303,lägenhet,köpa,6,156,m²,True,2026-04-06,Bergsgatan 76,59.23726,18.09675,17,0,0,0,0,0,0,0,0
304,lägenhet,hyra,1,22,m²,True,2025-09-30,Hornsgatan 8,59.36592,18.14527,16,0,0,0,0,0,0,0,0
305,hus,köpa,4,100,m²,True,2026-01-21,Drottninggatan 40,55.61338,12.984020000000001,3,0,0,0,0,0,0,0,0
306,lägenhet,hyra,5,105,m²,True,2026-01-08,Storgatan 57,57.70269,11.94579,4,0,0,0,0,0,0,0,0
307,hus,köpa,5,90,m²,True,2025-12-30,Kyrkogatan 16,59.30774,17.99377,9,0,0,0,0,0,0,0,0
308,hus,köpa,1,25,m²,True,2025-07-25,Storgatan 26,55.58417,13.02521,2,0,0,0,0,0,0,0,0
309,lägenhet,köpa,2,54,m²,False,2026-01-30,Storgatan 8,55.56015,12.98082,10,0,0,0,0,0,0,0,0
310,hus,köpa,5,90,m²,True,2026-04-01,Sveavägen 4,59.35665,18.00687,15,0,0,0,0,0,0,0,0
311,hus,köpa,4,92,m²,True,2025-05-07,Hornsgatan 113,59.33891,17.94213,1,0,0,0,0,0,0,0,0
312,lägenhet,hyra,6,168,m²,False,2026-01-10,Parkvägen 111,59.35297,17.96508,20,0,0,0,0,0,0,0,0
313,lägenhet,köpa,5,125,m²,True,2025-05-13,Parkvägen 82,59.36018,18.00763,15,0,0,0,0,0,0,0,0
314,lägenhet,hyra,3,81,m²,True,2025-05-02,Storgatan 68,55.58731,13.0226,2,0,0,0,0,0,0,0,0
315,lägenhet,hyra,3,72,m²,False,2025-05-19,Kungsgatan 57,55.59291,13.04013,2,0,0,0,0,0,0,0,0
316,hus,köpa,4,80,m²,True,2026-02-23,Sveavägen 37,55.61987,12.97042,3,0,0,0,0,0,0,0,0
317,lägenhet,hyra,2,38,m²,True,2026-02-16,Bergsgatan 26,59.3775,17.89592,18,0,0,0,0,0,0,0,0
318,lägenhet,köpa,6,150,m²,True,2025-09-11,Skolvägen 83,57.70848,11.964690000000001,11,0,0,0,0,0,0,0,0
319,hus,köpa,4,76,m²,True,2026-02-02,Kyrkogatan 53,55.58138,12.93274,5,0,0,0,0,0,0,0,0
320,hus,köpa,3,75,m²,False,2025-10-29,Drottninggatan 44,55.55206,12.97514,10,0,0,0,0,0,0,0,0
321,hus,köpa,2,40,m²,True,2025-12-15,Björkgatan 91,59.24347,18.09081,17,0,0,0,0,0,0,0,0
322,lägenhet,hyra,5,130,m²,True,2025-07-31,Parkvägen 82,59.33769,17.9453,1,0,0,0,0,0,0,0,0
323,hus,köpa,2,42,m²,True,2026-02-02,Sveavägen 41,57.69764,11.92857,7,0,0,0,0,0,0,0,0
324,hus,köpa,6,162,m²,True,2026-01-03,Sveavägen 34,57.69099,11.95985,4,0,0,0,0,0,0,0,0
325,hus,köpa,5,105,m²,True,2025-07-14,Hornsgatan 63,55.58167,13.02646,2,0,0,0,0,0,0,0,0
326,lägenhet,köpa,6,168,m²,True,2025-11-18,Parkvägen 24,55.60749,12.98393,3,0,0,0,0,0,0,0,0
327,hus,köpa,2,44,m²,False,2026-03-13,Storgatan 103,55.59304,13.04033,2,0,0,0,0,0,0,0,0
328,hus,köpa,3,84,m²,False,2025-04-15,Sveavägen 86,59.33417,17.93132,1,0,0,0,0,0,0,0,0
329,hus,köpa,2,56,m²,True,2025-09-01,Lindvägen 36,55.61134,12.97746,3,0,0,0,0,0,0,0,0
330,lägenhet,hyra,6,168,m²,True,2025-07-18,Drottninggatan 96,57.7035,11.98351,11,0,0,0,0,0,0,0,0
331,lägenhet,köpa,5,120,m²,True,2025-07-03,Storgatan 97,59.35158,17.96859,20,0,0,0,0,0,0,0,0
332,hus,köpa,2,50,m²,True,2025-05-14,Björkgatan 26,59.38975,17.8969,18,0,0,0,0,0,0,0,0
333,hus,köpa,1,18,m²,True,2025-05-09,Lindvägen 85,55.60801,12.98359,3,0,0,0,0,0,0,0,0
334,hus,köpa,3,60,m²,True,2025-08-21,Kyrkogatan 8,59.31823,18.06234,14,0,0,0,0,0,0,0,0
335,lägenhet,köpa,1,25,m²,True,2025-04-19,Lindvägen 41,57.71628,11.98332,11,0,0,0,0,0,0,0,0
336,hus,köpa,5,140,m²,True,2025-04-26,Kyrkogatan 120,55.55909,12.97308,10,0,0,0,0,0,0,0,0
337,lägenhet,hyra,1,25,m²,True,2025-06-19,Parkvägen 116,59.36433,18.14474,16,0,0,0,0,0,0,0,0
338,hus,köpa,5,95,m²,True,2025-10-29,Hornsgatan 18,55.59,13.03467,2,0,0,0,0,0,0,0,0
339,lägenhet,hyra,6,156,m²,False,2025-04-29,Skolvägen 53,57.69663,11.94987,4,0,0,0,0,0,0,0,0
340,hus,köpa,5,125,m²,True,2025-08-24,Skolvägen 114,59.30999,18.06365,14,0,0,0,0,0,0,0,0
341,lägenhet,hyra,6,132,m²,True,2025-06-04,Drottninggatan 68,55.57005,12.96735,10,0,0,0,0,0,0,0,0
342,hus,köpa,6,168,m²,False,2026-03-26,Kyrkogatan 73,59.3186,18.06787,14,0,0,0,0,0,0,0,0
343,hus,köpa,5,130,m²,True,2025-08-19,Storgatan 67,55.58999,12.93045,5,0,0,0,0,0,0,0,0
344,hus,köpa,3,78,m²,True,2025-09-06,Strandvägen 42,57.71689,11.96554,11,0,0,0,0,0,0,0,0
345,hus,köpa,3,57,m²,True,2026-02-09,Lindvägen 10,59.35529,17.991410000000002,15,0,0,0,0,0,0,0,0
346,lägenhet,hyra,3,60,m²,True,2026-01-05,Kungsgatan 97,57.70892,11.98136,11,0,0,0,0,0,0,0,0
347,lägenhet,hyra,4,104,m²,False,2025-07-19,Lindvägen 61,59.33184,18.07321,12,0,0,0,0,0,0,0,0
348,hus,köpa,6,168,m²,True,2026-03-22,Skolvägen 49,55.59234,13.03006,2,0,0,0,0,0,0,0,0
349,lägenhet,köpa,2,54,m²,False,2026-01-22,Sveavägen 102,57.70418,11.97908,11,0,0,0,0,0,0,0,0
350,lägenhet,köpa,6,126,m²,True,2026-01-31,Björkgatan 104,59.36011,17.97796,20,0,0,0,0,0,0,0,0
351,hus,köpa,3,84,m²,False,2026-03-02,Kungsgatan 23,57.73549,11.90543,8,0,0,0,0,0,0,0,0
352,lägenhet,hyra,4,104,m²,True,2026-03-26,Björkgatan 11,59.31571,18.168590000000002,6,0,0,0,0,0,0,0,0
353,lägenhet,köpa,1,26,m²,False,2025-11-30,Kyrkogatan 60,55.58789,12.92741,5,0,0,0,0,0,0,0,0
354,lägenhet,hyra,1,23,m²,True,2026-03-13,Sveavägen 100,59.3307,18.0382,13,0,0,0,0,0,0,0,0
355,hus,köpa,4,112,m²,False,2025-09-18,Kyrkogatan 78,55.59398,13.02567,2,0,0,0,0,0,0,0,0
356,hus,köpa,2,42,m²,True,2025-07-06,Kyrkogatan 95,57.7314,11.90398,8,0,0,0,0,0,0,0,0
357,hus,köpa,2,38,m²,False,2026-03-04,Strandvägen 62,55.59194,12.92664,5,0,0,0,0,0,0,0,0
358,lägenhet,hyra,2,40,m²,True,2025-11-27,Lindvägen 30,59.31039,18.00438,9,0,0,0,0,0,0,0,0
359,hus,köpa,1,22,m²,True,2025-07-13,Björkgatan 103,59.36296,17.9792,20,0,0,0,0,0,0,0,0
360,lägenhet,hyra,6,162,m²,True,2025-08-06,Kyrkogatan 111,57.69028,11.94635,4,0,0,0,0,0,0,0,0
361,hus,köpa,4,108,m²,True,2026-03-12,Strandvägen 44,55.58564,13.02829,2,0,0,0,0,0,0,0,0
362,hus,köpa,6,168,m²,True,2025-08-26,Lindvägen 58,57.71772,11.97441,11,0,0,0,0,0,0,0,0
363,lägenhet,köpa,4,84,m²,False,2026-02-08,Strandvägen 45,59.34627,18.07121,12,0,0,0,0,0,0,0,0
364,hus,köpa,4,112,m²,True,2025-05-29,Storgatan 18,55.61421,12.96824,3,0,0,0,0,0,0,0,0
365,lägenhet,köpa,6,132,m²,True,2026-03-26,Drottninggatan 22,57.72579,11.90028,8,0,0,0,0,0,0,0,0
366,hus,köpa,4,84,m²,True,2025-12-03,Drottninggatan 105,57.72537,11.90387,8,0,0,0,0,0,0,0,0
367,hus,köpa,2,42,m²,True,2025-06-26,Parkvägen 120,59.31177,18.01057,9,0,0,0,0,0,0,0,0
368,lägenhet,köpa,3,84,m²,False,2025-08-06,Strandvägen 26,57.70192,11.96759,11,0,0,0,0,0,0,0,0
369,hus,köpa,6,150,m²,True,2025-11-11,Sveavägen 17,57.70623,11.94043,7,0,0,0,0,0,0,0,0
370,hus,köpa,3,81,m²,True,2025-11-05,Strandvägen 78,57.70594,11.96802,11,0,0,0,0,0,0,0,0
371,hus,köpa,1,22,m²,False,2026-02-14,Drottninggatan 25,57.72304,11.90719,8,0,0,0,0,0,0,0,0
372,lägenhet,hyra,2,52,m²,True,2026-01-03,Drottninggatan 9,59.34687,18.07044,12,0,0,0,0,0,0,0,0
373,hus,köpa,4,80,m²,True,2026-04-08,Parkvägen 14,57.70385,11.93054,7,0,0,0,0,0,0,0,0
374,lägenhet,hyra,2,44,m²,False,2025-05-28,Skolvägen 35,59.29855,18.0081,9,0,0,0,0,0,0,0,0
375,hus,köpa,1,22,m²,True,2025-12-17,Strandvägen 2,59.35322,18.00625,15,0,0,0,0,0,0,0,0
376,lägenhet,hyra,4,92,m²,True,2025-12-27,Storgatan 94,57.70656,11.92579,7,0,0,0,0,0,0,0,0
377,hus,köpa,4,76,m²,False,2025-11-14,Strandvägen 71,57.71046,11.96475,11,0,0,0,0,0,0,0,0
378,lägenhet,hyra,5,105,m²,True,2026-03-28,Drottninggatan 46,57.7007,11.92936,7,0,0,0,0,0,0,0,0
379,lägenhet,hyra,4,112,m²,False,2026-03-02,Skolvägen 118,57.70958,11.97795,11,0,0,0,0,0,0,0,0
380,hus,hyra,2,36,m²,False,2025-04-21,Skolvägen 47,59.31291,18.15417,6,0,0,0,0,0,0,0,0
381,lägenhet,köpa,5,140,m²,False,2026-02-02,Bergsgatan 102,59.30539,18.1699,6,0,0,0,0,0,0,0,0
382,lägenhet,köpa,3,66,m²,False,2026-01-10,Bergsgatan 101,57.72338,11.89811,8,0,0,0,0,0,0,0,0
383,lägenhet,hyra,2,46,m²,False,2025-11-25,Skolvägen 31,57.72859,11.89273,8,0,0,0,0,0,0,0,0
384,lägenhet,hyra,5,115,m²,True,2025-07-11,Parkvägen 64,57.69844,11.93051,7,0,0,0,0,0,0,0,0
385,hus,köpa,5,130,m²,False,2025-06-05,Björkgatan 11,57.71346,11.98345,11,0,0,0,0,0,0,0,0
386,lägenhet,hyra,2,48,m²,False,2026-03-20,Björkgatan 28,59.33319,18.07025,12,0,0,0,0,0,0,0,0
387,lägenhet,hyra,2,50,m²,True,2026-02-21,Skolvägen 110,59.38797,17.90616,18,0,0,0,0,0,0,0,0
388,lägenhet,köpa,5,115,m²,False,2025-07-18,Bergsgatan 86,59.33794,18.02622,13,0,0,0,0,0,0,0,0
389,hus,köpa,2,44,m²,True,2025-11-21,Bergsgatan 46,59.34317,17.93758,1,0,0,0,0,0,0,0,0
390,lägenhet,köpa,4,100,m²,True,2025-09-16,Sveavägen 31,57.73639,11.89911,8,0,0,0,0,0,0,0,0
391,lägenhet,köpa,3,84,m²,False,2026-01-03,Kungsgatan 5,55.61942,12.98296,3,0,0,0,0,0,0,0,0
392,hus,köpa,3,66,m²,False,2025-09-12,Skolvägen 72,59.33952,18.08422,12,0,0,0,0,0,0,0,0
393,lägenhet,hyra,6,126,m²,True,2025-04-25,Parkvägen 28,59.35467,18.00632,15,0,0,0,0,0,0,0,0
394,lägenhet,köpa,2,52,m²,True,2025-05-17,Björkgatan 10,59.31023,18.07746,14,0,0,0,0,0,0,0,0
395,hus,köpa,3,60,m²,True,2025-05-05,Drottninggatan 24,57.72431,11.89424,8,0,0,0,0,0,0,0,0
396,hus,köpa,2,48,m²,False,2026-03-03,Lindvägen 12,59.34681,17.94605,1,0,0,0,0,0,0,0,0
397,hus,köpa,5,125,m²,True,2026-01-01,Skolvägen 103,57.69827,11.9381,7,0,0,0,0,0,0,0,0
398,hus,köpa,2,44,m²,True,2025-09-18,Skolvägen 99,59.32267,18.02433,13,0,0,0,0,0,0,0,0
399,lägenhet,köpa,6,138,m²,True,2025-07-17,Skolvägen 13,55.62117,12.977920000000001,3,0,0,0,0,0,0,0,0
400,hus,köpa,5,115,m²,True,2025-12-07,Strandvägen 83,59.30684,18.06548,14,0,0,0,0,0,0,0,0
401,hus,köpa,3,72,m²,True,2025-11-16,Bergsgatan 83,59.35059,18.05746,19,0,0,0,0,0,0,0,0
402,hus,köpa,2,44,m²,True,2026-01-07,Storgatan 41,59.34211,18.05832,19,0,0,0,0,0,0,0,0
403,hus,köpa,1,25,m²,True,2026-03-02,Storgatan 65,57.70403,11.98268,11,0,0,0,0,0,0,0,0
404,hus,köpa,3,81,m²,False,2025-09-11,Kungsgatan 68,55.58897,13.02687,2,0,0,0,0,0,0,0,0
405,hus,köpa,2,50,m²,True,2025-08-05,Bergsgatan 89,59.24604,18.09214,17,0,0,0,0,0,0,0,0
406,lägenhet,köpa,4,80,m²,True,2026-01-25,Storgatan 97,59.2459,18.08615,17,0,0,0,0,0,0,0,0
407,hus,köpa,2,38,m²,True,2025-12-20,Storgatan 79,59.32637,18.03711,13,0,0,0,0,0,0,0,0
408,lägenhet,köpa,4,100,m²,True,2025-06-29,Lindvägen 26,57.69164,11.92736,7,0,0,0,0,0,0,0,0
409,hus,köpa,6,114,m²,True,2025-05-02,Kungsgatan 56,55.55694,12.98362,10,0,0,0,0,0,0,0,0
410,lägenhet,hyra,3,60,m²,True,2025-11-04,Kungsgatan 50,59.37672,17.90056,18,0,0,0,0,0,0,0,0
411,lägenhet,köpa,2,42,m²,False,2025-08-27,Kyrkogatan 87,59.320570000000004,18.15361,6,0,0,0,0,0,0,0,0
412,hus,köpa,5,130,m²,False,2025-04-22,Björkgatan 118,59.35836,18.14218,16,0,0,0,0,0,0,0,0
413,lägenhet,hyra,2,56,m²,True,2025-10-19,Drottninggatan 114,59.29406,17.99609,9,0,0,0,0,0,0,0,0
414,hus,köpa,5,120,m²,False,2025-06-15,Lindvägen 4,59.29705,18.00527,9,0,0,0,0,0,0,0,0
415,lägenhet,köpa,5,95,m²,False,2025-07-17,Skolvägen 11,57.69802,11.92723,7,0,0,0,0,0,0,0,0
416,hus,köpa,3,57,m²,False,2025-07-14,Kungsgatan 94,59.34959,18.03941,19,0,0,0,0,0,0,0,0
417,hus,köpa,4,92,m²,True,2025-10-05,Parkvägen 111,59.31882,18.06869,14,0,0,0,0,0,0,0,0
418,hus,köpa,1,28,m²,True,2026-03-15,Kyrkogatan 102,57.70868,11.93793,7,0,0,0,0,0,0,0,0
419,lägenhet,köpa,6,114,m²,True,2025-05-05,Storgatan 26,57.73584,11.90718,8,0,0,0,0,0,0,0,0
420,lägenhet,köpa,1,24,m²,False,2025-09-26,Strandvägen 19,55.59777,13.03557,2,0,0,0,0,0,0,0,0
421,lägenhet,köpa,1,27,m²,True,2025-07-21,Kungsgatan 71,55.58284,13.03332,2,0,0,0,0,0,0,0,0
422,lägenhet,köpa,2,48,m²,False,2025-08-15,Skolvägen 17,57.69876,11.94317,4,0,0,0,0,0,0,0,0
423,lägenhet,köpa,2,56,m²,True,2025-09-07,Parkvägen 105,55.59467,13.03522,2,0,0,0,0,0,0,0,0
424,lägenhet,köpa,4,100,m²,True,2025-04-26,Kungsgatan 57,59.30922,18.00811,9,0,0,0,0,0,0,0,0
425,lägenhet,köpa,4,80,m²,True,2025-06-27,Hornsgatan 56,55.56498,12.96776,10,0,0,0,0,0,0,0,0
426,lägenhet,köpa,3,69,m²,True,2026-01-24,Kungsgatan 54,55.58445,12.93093,5,0,0,0,0,0,0,0,0
427,lägenhet,köpa,5,120,m²,True,2025-11-12,Kungsgatan 44,57.70056,11.95542,4,0,0,0,0,0,0,0,0
428,hus,köpa,4,76,m²,True,2025-08-03,Bergsgatan 106,59.35164,18.05621,19,0,0,0,0,0,0,0,0
429,lägenhet,köpa,2,38,m²,True,2025-09-11,Strandvägen 76,59.36097,17.97797,20,0,0,0,0,0,0,0,0
430,lägenhet,hyra,6,144,m²,True,2025-06-15,Kyrkogatan 76,55.61851,12.98093,3,0,0,0,0,0,0,0,0
431,lägenhet,köpa,5,90,m²,True,2025-09-07,Kyrkogatan 68,57.69802,11.92447,7,0,0,0,0,0,0,0,0
432,lägenhet,hyra,5,135,m²,True,2026-02-19,Kungsgatan 90,55.56716,12.97934,10,0,0,0,0,0,0,0,0
433,lägenhet,köpa,5,100,m²,True,2025-07-22,Skolvägen 101,57.69168,11.95103,4,0,0,0,0,0,0,0,0
434,lägenhet,köpa,4,108,m²,False,2025-12-02,Drottninggatan 39,59.23994,18.1031,17,0,0,0,0,0,0,0,0
435,lägenhet,köpa,1,27,m²,True,2025-07-31,Sveavägen 11,57.70294,11.95755,4,0,0,0,0,0,0,0,0
436,hus,köpa,2,40,m²,True,2025-04-13,Lindvägen 5,55.5772,12.9353,5,0,0,0,0,0,0,0,0
437,hus,köpa,2,46,m²,False,2025-11-20,Storgatan 48,59.38711,17.91024,18,0,0,0,0,0,0,0,0
438,hus,hyra,1,18,m²,False,2025-10-04,Hornsgatan 96,55.61542,12.98313,3,0,0,0,0,0,0,0,0
439,hus,köpa,6,150,m²,False,2025-09-21,Lindvägen 8,55.5818,13.03123,2,0,0,0,0,0,0,0,0
440,hus,köpa,3,78,m²,False,2025-12-23,Bergsgatan 3,55.58243,13.02771,2,0,0,0,0,0,0,0,0
441,lägenhet,köpa,6,150,m²,True,2026-02-09,Kungsgatan 24,57.73911,11.89138,8,0,0,0,0,0,0,0,0
442,lägenhet,köpa,3,84,m²,True,2025-06-02,Drottninggatan 54,55.57037,12.96611,10,0,0,0,0,0,0,0,0
443,hus,köpa,4,104,m²,True,2026-03-12,Storgatan 51,59.327420000000004,17.94928,1,0,0,0,0,0,0,0,0
444,lägenhet,köpa,2,46,m²,True,2025-04-20,Björkgatan 68,59.34156,18.07787,12,0,0,0,0,0,0,0,0
445,lägenhet,köpa,4,84,m²,False,2025-05-02,Strandvägen 2,55.59658,13.02516,2,0,0,0,0,0,0,0,0
446,hus,köpa,4,100,m²,True,2026-03-21,Strandvägen 19,59.37927,17.90354,18,0,0,0,0,0,0,0,0
447,hus,köpa,1,25,m²,True,2026-03-11,Hornsgatan 51,55.58337,12.93668,5,0,0,0,0,0,0,0,0
448,hus,köpa,1,26,m²,False,2025-09-01,Bergsgatan 32,59.30312,17.99413,9,0,0,0,0,0,0,0,0
449,lägenhet,hyra,4,104,m²,True,2025-12-22,Hornsgatan 74,57.69863,11.92504,7,0,0,0,0,0,0,0,0
450,hus,köpa,1,19,m²,True,2025-11-30,Drottninggatan 97,57.72526,11.89357,8,0,0,0,0,0,0,0,0
451,hus,köpa,5,130,m²,True,2025-10-14,Björkgatan 47,59.33389,18.02266,13,0,0,0,0,0,0,0,0
452,hus,köpa,6,108,m²,True,2026-01-28,Strandvägen 109,57.72599,11.89655,8,0,0,0,0,0,0,0,0
453,hus,köpa,5,90,m²,True,2025-04-30,Kyrkogatan 10,57.70922,11.97898,11,0,0,0,0,0,0,0,0
454,hus,köpa,3,63,m²,True,2025-07-16,Kungsgatan 85,55.58232,12.93798,5,0,0,0,0,0,0,0,0
455,lägenhet,hyra,5,100,m²,True,2025-12-27,Storgatan 41,57.73747,11.89016,8,0,0,0,0,0,0,0,0
456,lägenhet,köpa,6,150,m²,True,2026-02-01,Sveavägen 97,55.6227,12.98238,3,0,0,0,0,0,0,0,0
457,lägenhet,hyra,3,75,m²,True,2026-01-24,Skolvägen 92,59.3362,18.08219,12,0,0,0,0,0,0,0,0
458,lägenhet,hyra,3,69,m²,True,2026-01-22,Drottninggatan 62,55.57943,12.92627,5,0,0,0,0,0,0,0,0
459,hus,köpa,4,80,m²,False,2025-11-18,Storgatan 20,57.70215,11.94078,7,0,0,0,0,0,0,0,0
460,lägenhet,hyra,4,72,m²,False,2025-12-20,Hornsgatan 11,57.70307,11.96053,4,0,0,0,0,0,0,0,0
461,lägenhet,hyra,5,125,m²,True,2025-05-06,Kyrkogatan 61,55.59567,13.03329,2,0,0,0,0,0,0,0,0
462,lägenhet,köpa,3,84,m²,True,2025-06-07,Storgatan 113,59.34369,18.04749,19,0,0,0,0,0,0,0,0
463,hus,köpa,5,100,m²,True,2025-06-15,Sveavägen 10,55.57942,12.93032,5,0,0,0,0,0,0,0,0
464,lägenhet,köpa,6,108,m²,True,2025-08-26,Storgatan 37,57.68882,11.95587,4,0,0,0,0,0,0,0,0
465,lägenhet,köpa,2,48,m²,False,2025-05-21,Strandvägen 77,59.29599,17.99883,9,0,0,0,0,0,0,0,0
466,hus,köpa,2,50,m²,True,2026-03-10,Kungsgatan 68,57.7027,11.97053,11,0,0,0,0,0,0,0,0
467,lägenhet,hyra,1,23,m²,True,2025-05-02,Storgatan 99,59.30507,18.16373,6,0,0,0,0,0,0,0,0
468,hus,köpa,1,23,m²,True,2025-09-21,Parkvägen 110,55.58619,12.93011,5,0,0,0,0,0,0,0,0
469,hus,köpa,2,54,m²,True,2025-06-06,Kyrkogatan 13,59.31182,18.16538,6,0,0,0,0,0,0,0,0
470,hus,köpa,5,130,m²,True,2025-12-15,Drottninggatan 94,57.73201,11.90919,8,0,0,0,0,0,0,0,0
471,lägenhet,köpa,1,23,m²,True,2025-11-23,Parkvägen 22,59.33375,17.94368,1,0,0,0,0,0,0,0,0
472,hus,köpa,5,90,m²,True,2026-01-17,Parkvägen 99,59.39108,17.91048,18,0,0,0,0,0,0,0,0
473,lägenhet,köpa,2,52,m²,False,2026-04-04,Storgatan 107,57.70302,11.94262,4,0,0,0,0,0,0,0,0
474,lägenhet,köpa,3,75,m²,True,2025-05-02,Kyrkogatan 46,57.70685,11.96776,11,0,0,0,0,0,0,0,0
475,lägenhet,köpa,3,66,m²,True,2025-06-01,Kungsgatan 24,57.72578,11.901440000000001,8,0,0,0,0,0,0,0,0
476,lägenhet,köpa,2,50,m²,False,2026-03-13,Storgatan 26,57.72456,11.89865,8,0,0,0,0,0,0,0,0
477,hus,köpa,2,50,m²,False,2026-03-19,Drottninggatan 60,59.31228,18.15967,6,0,0,0,0,0,0,0,0
478,lägenhet,hyra,4,84,m²,True,2025-08-14,Björkgatan 47,55.58837,12.922460000000001,5,0,0,0,0,0,0,0,0
479,hus,köpa,3,84,m²,True,2025-09-19,Skolvägen 54,59.36912,18.00142,15,0,0,0,0,0,0,0,0
480,lägenhet,köpa,3,57,m²,True,2025-12-29,Skolvägen 89,59.33621,18.02353,13,0,0,0,0,0,0,0,0
481,lägenhet,hyra,2,42,m²,True,2025-04-17,Bergsgatan 47,59.33196,18.01978,13,0,0,0,0,0,0,0,0
482,lägenhet,köpa,1,18,m²,True,2025-12-19,Sveavägen 78,57.69919,11.94118,7,0,0,0,0,0,0,0,0
483,hus,köpa,4,80,m²,True,2025-05-02,Bergsgatan 56,59.3452,18.05889,19,0,0,0,0,0,0,0,0
484,hus,köpa,1,28,m²,True,2025-04-14,Hornsgatan 17,55.59266,12.92033,5,0,0,0,0,0,0,0,0
485,hus,köpa,3,81,m²,True,2026-03-30,Sveavägen 71,59.36693,18.01034,15,0,0,0,0,0,0,0,0
486,lägenhet,köpa,5,135,m²,True,2025-04-14,Bergsgatan 64,55.58562,13.0253,2,0,0,0,0,0,0,0,0
487,lägenhet,hyra,2,46,m²,True,2026-02-18,Bergsgatan 98,59.33526,18.05037,19,0,0,0,0,0,0,0,0
488,hus,köpa,2,50,m²,True,2025-04-09,Kungsgatan 34,59.3453,18.07392,12,0,0,0,0,0,0,0,0
489,lägenhet,köpa,2,56,m²,True,2026-03-29,Lindvägen 106,59.37464,18.14726,16,0,0,0,0,0,0,0,0
490,hus,köpa,5,135,m²,True,2025-11-21,Kungsgatan 93,57.72799,11.90403,8,0,0,0,0,0,0,0,0
491,lägenhet,köpa,4,100,m²,False,2026-03-30,Parkvägen 120,57.68955,11.95203,4,0,0,0,0,0,0,0,0
492,hus,köpa,1,19,m²,True,2026-01-02,Sveavägen 104,57.69738,11.93869,7,0,0,0,0,0,0,0,0
493,hus,köpa,1,25,m²,False,2025-11-15,Hornsgatan 89,57.72922,11.901720000000001,8,0,0,0,0,0,0,0,0
494,lägenhet,köpa,6,126,m²,False,2025-07-22,Sveavägen 56,59.36287,18.1532,16,0,0,0,0,0,0,0,0
495,hus,hyra,6,138,m²,False,2025-10-18,Bergsgatan 12,59.347,17.94481,1,0,0,0,0,0,0,0,0
496,hus,hyra,5,100,m²,False,2025-07-24,Bergsgatan 82,57.71276,11.97702,11,0,0,0,0,0,0,0,0
497,lägenhet,köpa,5,130,m²,True,2025-05-08,Bergsgatan 63,59.33536,18.02492,13,0,0,0,0,0,0,0,0
498,hus,köpa,2,42,m²,False,2025-04-28,Kungsgatan 26,55.56866,12.98156,10,0,0,0,0,0,0,0,0
499,hus,köpa,2,48,m²,True,2026-01-13,Storgatan 83,57.70051,11.93699,7,0,0,0,0,0,0,0,0
500,lägenhet,hyra,6,168,m²,True,2025-10-01,Björkgatan 25,59.33039,17.93368,1,0,0,0,0,0,0,0,0
501,hus,köpa,4,96,m²,True,2026-03-30,Lindvägen 111,57.69098,11.94032,7,0,0,0,0,0,0,0,0
502,hus,köpa,5,130,m²,False,2025-06-27,Parkvägen 88,59.36976,18.01026,15,0,0,0,0,0,0,0,0
503,hus,köpa,2,50,m²,False,2025-10-04,Storgatan 15,55.60928,12.97682,3,0,0,0,0,0,0,0,0
504,lägenhet,köpa,3,81,m²,True,2025-09-02,Sveavägen 101,55.5943,13.04154,2,0,0,0,0,0,0,0,0
505,hus,köpa,2,50,m²,True,2025-09-04,Björkgatan 117,55.57167,12.98077,10,0,0,0,0,0,0,0,0
506,lägenhet,köpa,1,18,m²,False,2025-08-11,Hornsgatan 93,57.70237,11.93096,7,0,0,0,0,0,0,0,0
507,hus,köpa,5,95,m²,True,2025-09-16,Storgatan 35,55.58753,12.93778,5,0,0,0,0,0,0,0,0
508,lägenhet,hyra,2,36,m²,True,2026-02-10,Kyrkogatan 101,59.31921,18.07309,14,0,0,0,0,0,0,0,0
509,lägenhet,hyra,4,104,m²,True,2025-07-17,Kungsgatan 26,57.69886,11.9386,7,0,0,0,0,0,0,0,0
510,hus,köpa,1,20,m²,True,2025-11-25,Hornsgatan 41,55.58623,12.93024,5,0,0,0,0,0,0,0,0
511,lägenhet,köpa,3,54,m²,True,2025-10-10,Björkgatan 102,59.34088,17.93581,1,0,0,0,0,0,0,0,0
512,hus,hyra,2,40,m²,True,2025-05-21,Bergsgatan 25,57.69355,11.93202,7,0,0,0,0,0,0,0,0
513,hus,köpa,2,50,m²,True,2026-02-16,Parkvägen 89,55.61518,12.97312,3,0,0,0,0,0,0,0,0
514,hus,köpa,3,54,m²,True,2025-08-04,Parkvägen 112,59.35676,18.00823,15,0,0,0,0,0,0,0,0
515,hus,köpa,2,50,m²,True,2026-02-06,Parkvägen 84,57.72767,11.894870000000001,8,0,0,0,0,0,0,0,0
516,lägenhet,köpa,1,27,m²,True,2025-04-21,Lindvägen 55,57.69921,11.92654,7,0,0,0,0,0,0,0,0
517,lägenhet,köpa,6,126,m²,False,2026-02-11,Björkgatan 79,57.73328,11.90973,8,0,0,0,0,0,0,0,0
518,hus,köpa,5,110,m²,True,2025-12-05,Strandvägen 60,57.70567,11.9375,7,0,0,0,0,0,0,0,0
519,lägenhet,köpa,5,105,m²,True,2025-12-24,Kungsgatan 57,55.61229,12.97152,3,0,0,0,0,0,0,0,0
520,lägenhet,köpa,6,120,m²,True,2025-06-14,Bergsgatan 6,55.61869,12.97051,3,0,0,0,0,0,0,0,0
521,hus,köpa,6,138,m²,True,2025-08-01,Strandvägen 96,57.70342,11.9586,4,0,0,0,0,0,0,0,0
522,hus,köpa,4,88,m²,True,2025-11-25,Bergsgatan 56,57.72184,11.8973,8,0,0,0,0,0,0,0,0
523,hus,köpa,4,104,m²,True,2026-03-21,Skolvägen 114,59.3186,18.07512,14,0,0,0,0,0,0,0,0
524,hus,köpa,4,84,m²,True,2025-05-09,Bergsgatan 20,57.70288,11.96621,11,0,0,0,0,0,0,0,0
525,hus,köpa,4,80,m²,False,2025-09-05,Björkgatan 57,57.69088,11.9471,4,0,0,0,0,0,0,0,0
526,hus,köpa,5,120,m²,True,2026-01-07,Strandvägen 63,59.31029,18.07074,14,0,0,0,0,0,0,0,0
527,hus,köpa,5,105,m²,True,2025-11-03,Storgatan 108,55.58449,12.92095,5,0,0,0,0,0,0,0,0
528,lägenhet,hyra,2,40,m²,True,2026-02-04,Strandvägen 14,55.58497,13.03155,2,0,0,0,0,0,0,0,0
529,hus,köpa,5,130,m²,False,2026-02-08,Sveavägen 14,59.31226,18.06529,14,0,0,0,0,0,0,0,0
530,hus,köpa,2,42,m²,True,2025-04-22,Kungsgatan 40,55.5848,13.02873,2,0,0,0,0,0,0,0,0
531,hus,köpa,3,81,m²,True,2025-08-26,Hornsgatan 60,55.59324,13.04191,2,0,0,0,0,0,0,0,0
532,hus,köpa,5,105,m²,True,2026-04-09,Björkgatan 15,57.70504,11.95402,4,0,0,0,0,0,0,0,0
533,lägenhet,hyra,5,130,m²,True,2025-10-08,Hornsgatan 62,57.70958,11.97068,11,0,0,0,0,0,0,0,0
534,lägenhet,hyra,4,84,m²,True,2025-10-19,Lindvägen 78,59.33743,17.94188,1,0,0,0,0,0,0,0,0
535,hus,köpa,4,72,m²,True,2025-09-06,Lindvägen 97,57.70758,11.932080000000001,7,0,0,0,0,0,0,0,0
536,hus,köpa,2,46,m²,False,2025-08-01,Björkgatan 10,57.70389,11.94397,4,0,0,0,0,0,0,0,0
537,hus,köpa,5,95,m²,False,2025-07-24,Lindvägen 112,59.37664,18.1527,16,0,0,0,0,0,0,0,0
538,lägenhet,köpa,4,72,m²,True,2025-08-23,Bergsgatan 39,59.3571,18.1469,16,0,0,0,0,0,0,0,0
539,hus,köpa,2,50,m²,True,2025-10-12,Storgatan 119,55.58658,13.02931,2,0,0,0,0,0,0,0,0
540,lägenhet,köpa,6,114,m²,False,2025-04-23,Björkgatan 101,55.59061,12.92457,5,0,0,0,0,0,0,0,0
541,lägenhet,köpa,3,63,m²,True,2026-01-01,Parkvägen 110,55.58315,12.92001,5,0,0,0,0,0,0,0,0
542,lägenhet,köpa,1,28,m²,True,2025-10-09,Kungsgatan 46,55.58503,13.0377,2,0,0,0,0,0,0,0,0
543,lägenhet,köpa,1,23,m²,True,2025-09-02,Storgatan 107,59.2421,18.094,17,0,0,0,0,0,0,0,0
544,hus,köpa,2,56,m²,True,2025-12-18,Drottninggatan 120,57.68723,11.94434,4,0,0,0,0,0,0,0,0
545,lägenhet,köpa,2,54,m²,True,2025-05-06,Skolvägen 25,55.60045,13.03471,2,0,0,0,0,0,0,0,0
546,hus,köpa,2,54,m²,True,2025-10-16,Kungsgatan 91,59.37791,17.90355,18,0,0,0,0,0,0,0,0
547,lägenhet,köpa,3,63,m²,True,2025-09-27,Drottninggatan 76,55.60993,12.97751,3,0,0,0,0,0,0,0,0
548,lägenhet,köpa,6,162,m²,False,2026-01-19,Drottninggatan 86,55.60585,12.97471,3,0,0,0,0,0,0,0,0
549,hus,köpa,2,38,m²,True,2025-04-23,Strandvägen 52,55.59591,12.92102,5,0,0,0,0,0,0,0,0
550,lägenhet,hyra,1,24,m²,True,2025-05-08,Storgatan 120,55.55948,12.97098,10,0,0,0,0,0,0,0,0
551,hus,köpa,2,54,m²,True,2025-09-16,Bergsgatan 44,55.61061,12.969380000000001,3,0,0,0,0,0,0,0,0
552,hus,köpa,6,132,m²,True,2026-01-05,Strandvägen 101,57.70494,11.97808,11,0,0,0,0,0,0,0,0
553,hus,köpa,1,19,m²,False,2026-02-09,Kungsgatan 23,59.36354,17.98085,20,0,0,0,0,0,0,0,0
554,hus,köpa,2,44,m²,True,2025-06-18,Skolvägen 5,57.70608,11.9403,7,0,0,0,0,0,0,0,0
555,lägenhet,hyra,2,48,m²,True,2025-09-22,Drottninggatan 57,57.72812,11.90404,8,0,0,0,0,0,0,0,0
556,hus,köpa,3,72,m²,True,2025-07-17,Björkgatan 35,55.60896,12.97098,3,0,0,0,0,0,0,0,0
557,hus,köpa,4,80,m²,True,2025-07-09,Drottninggatan 71,55.58645,12.93718,5,0,0,0,0,0,0,0,0
558,hus,köpa,1,24,m²,True,2025-10-08,Storgatan 71,55.58331,12.9271,5,0,0,0,0,0,0,0,0
559,hus,hyra,1,24,m²,False,2025-07-23,Lindvägen 107,55.62109,12.96861,3,0,0,0,0,0,0,0,0
560,lägenhet,köpa,1,25,m²,True,2025-11-29,Skolvägen 92,57.69939,11.93065,7,0,0,0,0,0,0,0,0
561,lägenhet,hyra,4,100,m²,True,2025-08-09,Kyrkogatan 107,59.36406,17.97395,20,0,0,0,0,0,0,0,0
562,hus,köpa,3,75,m²,True,2025-08-25,Bergsgatan 76,57.72977,11.90608,8,0,0,0,0,0,0,0,0
563,hus,köpa,6,120,m²,True,2025-06-28,Kungsgatan 24,59.24632,18.09211,17,0,0,0,0,0,0,0,0
564,hus,köpa,2,36,m²,False,2025-09-19,Parkvägen 77,59.36008,17.96893,20,0,0,0,0,0,0,0,0
565,hus,hyra,6,108,m²,True,2025-09-10,Parkvägen 115,57.70175,11.94333,4,0,0,0,0,0,0,0,0
566,lägenhet,hyra,1,26,m²,False,2026-01-11,Drottninggatan 12,57.70647,11.95863,4,0,0,0,0,0,0,0,0
567,hus,köpa,3,63,m²,True,2025-11-30,Sveavägen 70,55.58209,13.03072,2,0,0,0,0,0,0,0,0
568,hus,köpa,5,135,m²,True,2025-10-29,Skolvägen 111,55.59525,13.03829,2,0,0,0,0,0,0,0,0
569,hus,köpa,5,125,m²,True,2025-12-26,Kungsgatan 50,59.33437,17.93512,1,0,0,0,0,0,0,0,0
570,hus,köpa,2,56,m²,False,2025-09-30,Strandvägen 66,57.72728,11.907350000000001,8,0,0,0,0,0,0,0,0
571,lägenhet,köpa,5,130,m²,False,2025-10-10,Björkgatan 65,59.31481,18.15612,6,0,0,0,0,0,0,0,0
572,lägenhet,köpa,4,96,m²,True,2025-04-27,Sveavägen 74,59.23313,18.09909,17,0,0,0,0,0,0,0,0
573,hus,köpa,6,114,m²,False,2025-11-29,Hornsgatan 99,59.34283,18.04405,19,0,0,0,0,0,0,0,0
574,lägenhet,hyra,5,140,m²,True,2025-09-07,Hornsgatan 50,57.69297,11.96026,4,0,0,0,0,0,0,0,0
575,hus,köpa,6,168,m²,True,2026-01-08,Drottninggatan 35,55.58717,12.9377,5,0,0,0,0,0,0,0,0
576,hus,köpa,3,84,m²,False,2025-06-02,Sveavägen 87,57.6994,11.95312,4,0,0,0,0,0,0,0,0
577,lägenhet,köpa,4,108,m²,True,2025-05-27,Sveavägen 76,57.72575,11.90222,8,0,0,0,0,0,0,0,0
578,lägenhet,köpa,3,84,m²,True,2026-01-31,Sveavägen 118,55.56118,12.98161,10,0,0,0,0,0,0,0,0
579,lägenhet,köpa,5,95,m²,True,2025-08-18,Skolvägen 116,57.70507,11.96187,4,0,0,0,0,0,0,0,0
580,hus,köpa,6,132,m²,True,2025-08-28,Björkgatan 87,59.3407,17.93226,1,0,0,0,0,0,0,0,0
581,lägenhet,köpa,1,27,m²,False,2026-02-25,Storgatan 81,59.37045,18.15773,16,0,0,0,0,0,0,0,0
582,hus,köpa,6,108,m²,True,2025-04-18,Kungsgatan 102,59.34189,18.05318,19,0,0,0,0,0,0,0,0
583,hus,köpa,3,75,m²,True,2025-09-15,Björkgatan 9,55.62049,12.97205,3,0,0,0,0,0,0,0,0
584,hus,köpa,3,57,m²,False,2026-02-25,Storgatan 44,59.3535,17.97885,20,0,0,0,0,0,0,0,0
585,hus,köpa,3,54,m²,True,2025-05-21,Lindvägen 16,59.36922,18.15465,16,0,0,0,0,0,0,0,0
586,hus,köpa,3,57,m²,False,2025-11-26,Drottninggatan 95,57.68941,11.95233,4,0,0,0,0,0,0,0,0
587,lägenhet,köpa,6,150,m²,False,2025-12-10,Drottninggatan 62,59.3303,18.0343,13,0,0,0,0,0,0,0,0
588,lägenhet,köpa,4,100,m²,True,2025-11-13,Kungsgatan 99,57.70526,11.96726,11,0,0,0,0,0,0,0,0
589,lägenhet,köpa,1,27,m²,True,2026-04-04,Kyrkogatan 100,57.72099,11.89439,8,0,0,0,0,0,0,0,0
590,hus,köpa,1,18,m²,True,2026-03-08,Drottninggatan 117,57.70547,11.98028,11,0,0,0,0,0,0,0,0
591,lägenhet,köpa,1,28,m²,False,2025-09-14,Parkvägen 94,57.69722,11.95985,4,0,0,0,0,0,0,0,0
592,lägenhet,köpa,2,40,m²,True,2026-01-14,Lindvägen 103,55.58814,13.03183,2,0,0,0,0,0,0,0,0
593,hus,köpa,6,150,m²,True,2026-02-16,Lindvägen 97,55.58446,12.92715,5,0,0,0,0,0,0,0,0
594,hus,hyra,5,90,m²,True,2025-06-10,Drottninggatan 82,59.34668,18.04011,19,0,0,0,0,0,0,0,0
595,lägenhet,köpa,2,38,m²,True,2025-06-29,Kyrkogatan 57,57.70435,11.97678,11,0,0,0,0,0,0,0,0
596,lägenhet,hyra,3,60,m²,True,2025-07-30,Bergsgatan 49,59.3334,17.9308,1,0,0,0,0,0,0,0,0
597,lägenhet,köpa,3,57,m²,True,2026-04-05,Parkvägen 69,57.73937,11.90078,8,0,0,0,0,0,0,0,0
598,lägenhet,köpa,4,80,m²,True,2025-04-09,Skolvägen 56,59.30839,18.15741,6,0,0,0,0,0,0,0,0
599,lägenhet,köpa,1,22,m²,True,2025-11-06,Bergsgatan 28,59.36297,17.96479,20,0,0,0,0,0,0,0,0
600,hus,köpa,5,135,m²,True,2026-02-04,Björkgatan 116,57.73147,11.89581,8,0,0,0,0,0,0,0,0
601,hus,köpa,2,48,m²,False,2025-04-09,Drottninggatan 25,59.31442,18.06371,14,0,0,0,0,0,0,0,0
602,lägenhet,köpa,6,114,m²,True,2025-07-18,Parkvägen 15,57.69903,11.97563,11,0,0,0,0,0,0,0,0
603,lägenhet,hyra,2,50,m²,True,2026-04-01,Bergsgatan 2,59.38409,17.9019,18,0,0,0,0,0,0,0,0
604,lägenhet,köpa,2,56,m²,True,2026-01-27,Skolvägen 106,57.73941,11.89123,8,0,0,0,0,0,0,0,0
605,lägenhet,hyra,2,50,m²,True,2025-12-09,Björkgatan 91,57.69579,11.95379,4,0,0,0,0,0,0,0,0
606,lägenhet,köpa,3,78,m²,True,2025-11-03,Drottninggatan 97,59.32473,18.06845,14,0,0,0,0,0,0,0,0
607,hus,köpa,6,138,m²,True,2025-09-07,Parkvägen 54,57.7047,11.92988,7,0,0,0,0,0,0,0,0
608,lägenhet,köpa,5,90,m²,True,2025-10-24,Lindvägen 109,55.61016,12.97956,3,0,0,0,0,0,0,0,0
609,hus,köpa,5,125,m²,True,2025-08-26,Lindvägen 98,55.59043,12.93484,5,0,0,0,0,0,0,0,0
610,hus,köpa,5,135,m²,True,2026-02-03,Lindvägen 11,55.55498,12.96731,10,0,0,0,0,0,0,0,0
611,hus,köpa,1,25,m²,True,2025-08-03,Sveavägen 45,59.34127,18.04845,19,0,0,0,0,0,0,0,0
612,lägenhet,hyra,6,138,m²,True,2025-08-04,Lindvägen 78,57.69527,11.943200000000001,4,0,0,0,0,0,0,0,0
613,hus,köpa,6,114,m²,True,2025-09-20,Hornsgatan 76,57.71442,11.98266,11,0,0,0,0,0,0,0,0
614,lägenhet,köpa,1,27,m²,True,2026-03-27,Lindvägen 37,55.55272,12.980830000000001,10,0,0,0,0,0,0,0,0
615,hus,hyra,6,144,m²,False,2025-07-16,Strandvägen 18,59.24433,18.09615,17,0,0,0,0,0,0,0,0
616,hus,köpa,5,115,m²,True,2025-04-29,Storgatan 73,55.61685,12.98042,3,0,0,0,0,0,0,0,0
617,lägenhet,köpa,1,25,m²,False,2026-01-02,Strandvägen 12,55.58073,12.92593,5,0,0,0,0,0,0,0,0
618,hus,hyra,5,90,m²,True,2025-10-21,Bergsgatan 104,55.56925,12.97086,10,0,0,0,0,0,0,0,0
619,lägenhet,hyra,1,23,m²,False,2026-01-18,Lindvägen 73,59.29555,18.00083,9,0,0,0,0,0,0,0,0
620,lägenhet,köpa,4,100,m²,True,2026-03-30,Bergsgatan 33,57.72019,11.90806,8,0,0,0,0,0,0,0,0
621,hus,köpa,2,38,m²,True,2025-06-22,Björkgatan 107,55.58301,13.03294,2,0,0,0,0,0,0,0,0
622,hus,köpa,3,57,m²,True,2025-05-03,Bergsgatan 11,59.32799,17.94094,1,0,0,0,0,0,0,0,0
623,hus,köpa,6,168,m²,True,2026-01-31,Kyrkogatan 80,55.56487,12.96623,10,0,0,0,0,0,0,0,0
624,hus,köpa,3,75,m²,True,2025-04-15,Storgatan 108,57.71446,11.9677,11,0,0,0,0,0,0,0,0
625,hus,köpa,3,75,m²,True,2025-11-07,Drottninggatan 91,57.70635,11.95622,4,0,0,0,0,0,0,0,0
626,hus,köpa,2,50,m²,True,2025-12-28,Storgatan 21,55.58201,12.9312,5,0,0,0,0,0,0,0,0
627,lägenhet,köpa,4,100,m²,False,2025-12-07,Lindvägen 79,59.36118,17.9783,20,0,0,0,0,0,0,0,0
628,lägenhet,köpa,5,120,m²,False,2025-12-03,Sveavägen 67,59.34135,18.05128,19,0,0,0,0,0,0,0,0
629,lägenhet,köpa,1,26,m²,True,2025-07-09,Hornsgatan 75,59.33562,18.07464,12,0,0,0,0,0,0,0,0
630,hus,köpa,4,92,m²,False,2025-09-17,Sveavägen 99,57.68707,11.95299,4,0,0,0,0,0,0,0,0
631,hus,köpa,2,50,m²,True,2025-11-09,Lindvägen 16,59.32885,17.94906,1,0,0,0,0,0,0,0,0
632,lägenhet,hyra,4,104,m²,True,2025-09-12,Strandvägen 19,57.70859,11.93376,7,0,0,0,0,0,0,0,0
633,hus,köpa,6,156,m²,True,2026-02-02,Bergsgatan 8,57.69672,11.94241,4,0,0,0,0,0,0,0,0
634,lägenhet,köpa,2,38,m²,True,2026-01-30,Parkvägen 27,55.58669,13.0369,2,0,0,0,0,0,0,0,0
635,hus,köpa,6,150,m²,True,2026-04-02,Lindvägen 65,59.32529,18.03669,13,0,0,0,0,0,0,0,0
636,lägenhet,hyra,3,63,m²,True,2025-10-13,Parkvägen 105,57.70227,11.93078,7,0,0,0,0,0,0,0,0
637,hus,köpa,5,125,m²,False,2026-01-05,Kyrkogatan 107,59.3345,18.07668,12,0,0,0,0,0,0,0,0
638,hus,köpa,6,138,m²,True,2025-05-11,Drottninggatan 112,55.55221,12.97806,10,0,0,0,0,0,0,0,0
639,lägenhet,hyra,6,132,m²,False,2025-10-02,Kungsgatan 101,55.56651,12.96895,10,0,0,0,0,0,0,0,0
640,hus,köpa,3,72,m²,True,2025-08-08,Skolvägen 26,55.62111,12.98134,3,0,0,0,0,0,0,0,0
641,lägenhet,köpa,5,135,m²,True,2025-11-10,Parkvägen 46,57.73977,11.90605,8,0,0,0,0,0,0,0,0
642,lägenhet,köpa,4,88,m²,True,2026-04-02,Storgatan 39,59.36962,17.9922,15,0,0,0,0,0,0,0,0
643,hus,köpa,6,108,m²,True,2026-03-15,Lindvägen 42,57.69469,11.92814,7,0,0,0,0,0,0,0,0
644,hus,hyra,6,150,m²,True,2025-07-26,Kyrkogatan 4,57.70695,11.92989,7,0,0,0,0,0,0,0,0
645,lägenhet,köpa,4,96,m²,True,2025-05-31,Sveavägen 65,55.61182,12.97179,3,0,0,0,0,0,0,0,0
646,hus,köpa,5,95,m²,True,2026-01-28,Kyrkogatan 71,55.55386,12.97533,10,0,0,0,0,0,0,0,0
647,hus,köpa,1,19,m²,True,2025-09-07,Storgatan 94,57.69114,11.93066,7,0,0,0,0,0,0,0,0
648,hus,köpa,1,26,m²,False,2025-11-27,Parkvägen 26,59.29922,18.00509,9,0,0,0,0,0,0,0,0
649,lägenhet,köpa,5,125,m²,False,2025-12-26,Parkvägen 109,57.70464,11.973,11,0,0,0,0,0,0,0,0
650,lägenhet,hyra,2,46,m²,True,2025-06-10,Strandvägen 4,57.70317,11.97296,11,0,0,0,0,0,0,0,0
651,lägenhet,köpa,4,80,m²,True,2026-02-05,Lindvägen 55,59.37533,18.14095,16,0,0,0,0,0,0,0,0
652,lägenhet,hyra,4,92,m²,True,2026-01-20,Lindvägen 100,55.55883,12.965440000000001,10,0,0,0,0,0,0,0,0
653,hus,hyra,4,104,m²,False,2025-07-03,Hornsgatan 36,59.33322,18.03272,13,0,0,0,0,0,0,0,0
654,hus,hyra,6,126,m²,False,2025-06-13,Drottninggatan 107,55.59208,13.03169,2,0,0,0,0,0,0,0,0
655,hus,hyra,1,20,m²,True,2025-07-22,Drottninggatan 117,57.70016,11.94211,4,0,0,0,0,0,0,0,0
656,lägenhet,hyra,5,110,m²,True,2025-08-17,Skolvägen 76,55.59308,12.92937,5,0,0,0,0,0,0,0,0
657,hus,köpa,4,104,m²,True,2025-06-14,Björkgatan 9,55.57184,12.98223,10,0,0,0,0,0,0,0,0
658,lägenhet,hyra,3,63,m²,True,2026-01-19,Skolvägen 81,57.69456,11.953990000000001,4,0,0,0,0,0,0,0,0
659,lägenhet,köpa,3,63,m²,True,2026-04-03,Parkvägen 7,57.70357,11.94837,4,0,0,0,0,0,0,0,0
660,hus,köpa,2,38,m²,True,2025-09-17,Kyrkogatan 53,55.60995,12.97421,3,0,0,0,0,0,0,0,0
661,lägenhet,köpa,3,78,m²,True,2025-09-19,Kyrkogatan 23,57.72029,11.90943,8,0,0,0,0,0,0,0,0
662,lägenhet,köpa,5,120,m²,True,2025-10-10,Kyrkogatan 28,59.33719,18.02204,13,0,0,0,0,0,0,0,0
663,lägenhet,hyra,6,156,m²,True,2025-04-09,Drottninggatan 81,57.70059,11.972,11,0,0,0,0,0,0,0,0
664,hus,köpa,1,21,m²,True,2026-01-09,Parkvägen 25,55.59278,13.02573,2,0,0,0,0,0,0,0,0
665,lägenhet,köpa,6,156,m²,True,2025-09-06,Björkgatan 75,57.72676,11.89214,8,0,0,0,0,0,0,0,0
666,hus,köpa,3,54,m²,False,2025-11-20,Strandvägen 70,59.36308,17.97214,20,0,0,0,0,0,0,0,0
667,hus,hyra,5,95,m²,True,2026-03-21,Drottninggatan 51,55.56745,12.9652,10,0,0,0,0,0,0,0,0
668,hus,köpa,4,96,m²,True,2025-08-13,Parkvägen 103,55.60985,12.97029,3,0,0,0,0,0,0,0,0
669,lägenhet,köpa,3,69,m²,True,2025-09-12,Sveavägen 70,57.69818,11.9241,7,0,0,0,0,0,0,0,0
670,lägenhet,hyra,3,72,m²,False,2025-04-29,Sveavägen 55,59.36114,17.96523,20,0,0,0,0,0,0,0,0
671,hus,köpa,3,81,m²,True,2025-08-23,Lindvägen 46,57.72239,11.898060000000001,8,0,0,0,0,0,0,0,0
672,lägenhet,köpa,4,84,m²,True,2026-01-18,Strandvägen 13,55.59691,13.03643,2,0,0,0,0,0,0,0,0
673,hus,köpa,3,63,m²,True,2026-02-13,Storgatan 16,57.707,11.92449,7,0,0,0,0,0,0,0,0
674,lägenhet,köpa,3,84,m²,True,2025-04-19,Parkvägen 97,57.73995,11.89251,8,0,0,0,0,0,0,0,0
675,hus,köpa,1,22,m²,False,2025-06-13,Drottninggatan 70,59.31619,18.15996,6,0,0,0,0,0,0,0,0
676,lägenhet,köpa,6,156,m²,True,2025-06-05,Hornsgatan 114,57.69097,11.93023,7,0,0,0,0,0,0,0,0
677,lägenhet,köpa,3,84,m²,True,2025-12-11,Parkvägen 6,59.33529,18.05895,19,0,0,0,0,0,0,0,0
678,hus,köpa,4,112,m²,True,2025-10-31,Kungsgatan 74,57.71174,11.98411,11,0,0,0,0,0,0,0,0
679,hus,köpa,3,84,m²,True,2025-09-28,Bergsgatan 119,55.57782,12.93838,5,0,0,0,0,0,0,0,0
680,hus,köpa,2,50,m²,True,2025-12-27,Drottninggatan 41,55.5934,12.92238,5,0,0,0,0,0,0,0,0
681,lägenhet,köpa,2,46,m²,True,2025-08-23,Kyrkogatan 119,57.70483,11.96751,11,0,0,0,0,0,0,0,0
682,lägenhet,hyra,4,108,m²,False,2025-11-04,Drottninggatan 84,57.73377,11.89302,8,0,0,0,0,0,0,0,0
683,lägenhet,köpa,6,150,m²,True,2025-09-02,Kyrkogatan 68,55.60886,12.97028,3,0,0,0,0,0,0,0,0
684,lägenhet,köpa,4,80,m²,True,2025-06-10,Lindvägen 22,57.71776,11.9727,11,0,0,0,0,0,0,0,0
685,lägenhet,köpa,5,125,m²,True,2025-07-27,Skolvägen 98,57.731,11.89542,8,0,0,0,0,0,0,0,0
686,lägenhet,köpa,1,24,m²,False,2026-01-23,Sveavägen 97,59.24642,18.09241,17,0,0,0,0,0,0,0,0
687,lägenhet,hyra,6,156,m²,True,2025-11-01,Bergsgatan 2,57.70074,11.9441,4,0,0,0,0,0,0,0,0
688,hus,köpa,5,105,m²,False,2025-11-15,Björkgatan 25,57.69966,11.95402,4,0,0,0,0,0,0,0,0
689,hus,köpa,2,38,m²,False,2026-01-03,Hornsgatan 17,59.33869,18.05051,19,0,0,0,0,0,0,0,0
690,lägenhet,köpa,2,46,m²,True,2025-08-26,Drottninggatan 2,59.30906,18.06895,14,0,0,0,0,0,0,0,0
691,hus,köpa,6,150,m²,False,2026-01-12,Lindvägen 12,55.5879,12.92547,5,0,0,0,0,0,0,0,0
692,lägenhet,köpa,4,96,m²,True,2025-06-03,Kungsgatan 106,55.57778,12.9226,5,0,0,0,0,0,0,0,0
693,lägenhet,köpa,3,75,m²,True,2025-09-25,Björkgatan 17,55.61641,12.98557,3,0,0,0,0,0,0,0,0
694,lägenhet,köpa,5,125,m²,True,2025-10-01,Björkgatan 57,59.23716,18.09846,17,0,0,0,0,0,0,0,0
695,hus,köpa,5,110,m²,True,2026-04-08,Skolvägen 53,55.58053,12.92542,5,0,0,0,0,0,0,0,0
696,lägenhet,hyra,4,104,m²,True,2025-07-18,Kungsgatan 96,55.55586,12.97766,10,0,0,0,0,0,0,0,0
697,lägenhet,köpa,3,57,m²,False,2025-05-27,Lindvägen 61,57.69644,11.93715,7,0,0,0,0,0,0,0,0
698,hus,köpa,6,138,m²,True,2025-07-27,Skolvägen 13,59.34409,17.94072,1,0,0,0,0,0,0,0,0
699,hus,köpa,2,36,m²,True,2026-03-10,Strandvägen 11,59.32046,18.15598,6,0,0,0,0,0,0,0,0
700,hus,köpa,3,75,m²,False,2026-02-18,Hornsgatan 93,57.70214,11.93167,7,0,0,0,0,0,0,0,0
701,hus,köpa,3,78,m²,True,2026-01-10,Bergsgatan 100,55.60727,12.98336,3,0,0,0,0,0,0,0,0
702,lägenhet,köpa,1,26,m²,True,2025-07-10,Kungsgatan 92,59.31949,18.06676,14,0,0,0,0,0,0,0,0
703,lägenhet,köpa,4,80,m²,True,2025-05-17,Strandvägen 33,55.61356,12.978,3,0,0,0,0,0,0,0,0
704,hus,köpa,6,150,m²,False,2025-12-22,Kungsgatan 39,55.58363,13.03096,2,0,0,0,0,0,0,0,0
705,lägenhet,köpa,2,56,m²,False,2025-04-29,Kungsgatan 23,55.59376,13.02631,2,0,0,0,0,0,0,0,0
706,lägenhet,hyra,2,40,m²,True,2025-10-24,Parkvägen 98,55.58943,13.03509,2,0,0,0,0,0,0,0,0
707,hus,köpa,4,76,m²,True,2025-04-10,Lindvägen 24,59.31296,18.17166,6,0,0,0,0,0,0,0,0
708,lägenhet,köpa,1,24,m²,True,2025-08-20,Parkvägen 26,57.69485,11.92907,7,0,0,0,0,0,0,0,0
709,hus,köpa,2,40,m²,False,2025-10-10,Skolvägen 106,59.3363,18.04068,19,0,0,0,0,0,0,0,0
710,lägenhet,köpa,6,144,m²,True,2026-04-09,Skolvägen 106,59.31019,18.0102,9,0,0,0,0,0,0,0,0
711,hus,köpa,1,25,m²,False,2025-12-27,Hornsgatan 34,57.73771,11.89385,8,0,0,0,0,0,0,0,0
712,hus,köpa,1,21,m²,True,2026-02-05,Strandvägen 97,59.36694,18.15229,16,0,0,0,0,0,0,0,0
713,hus,köpa,1,24,m²,True,2025-11-03,Björkgatan 9,55.61892,12.96681,3,0,0,0,0,0,0,0,0
714,hus,köpa,3,60,m²,True,2026-01-12,Strandvägen 61,59.30253,18.16016,6,0,0,0,0,0,0,0,0
715,hus,köpa,5,140,m²,True,2026-01-07,Kyrkogatan 22,57.72399,11.90253,8,0,0,0,0,0,0,0,0
716,lägenhet,hyra,4,72,m²,True,2026-03-08,Björkgatan 25,55.58753,13.02573,2,0,0,0,0,0,0,0,0
717,hus,köpa,2,38,m²,True,2025-04-27,Sveavägen 64,57.72708,11.89784,8,0,0,0,0,0,0,0,0
718,lägenhet,köpa,5,95,m²,True,2025-06-09,Kyrkogatan 71,59.31615,18.16166,6,0,0,0,0,0,0,0,0
719,lägenhet,hyra,6,162,m²,True,2025-06-22,Drottninggatan 45,57.70425,11.94647,4,0,0,0,0,0,0,0,0
720,lägenhet,köpa,1,28,m²,False,2025-05-07,Skolvägen 97,55.61479,12.96964,3,0,0,0,0,0,0,0,0
721,hus,köpa,2,46,m²,True,2025-06-20,Skolvägen 4,55.56363,12.97737,10,0,0,0,0,0,0,0,0
722,lägenhet,hyra,1,22,m²,True,2025-04-25,Skolvägen 106,55.59004,13.03512,2,0,0,0,0,0,0,0,0
723,lägenhet,köpa,3,69,m²,True,2025-07-20,Kyrkogatan 1,55.57891,12.93748,5,0,0,0,0,0,0,0,0
724,hus,köpa,5,110,m²,True,2025-10-15,Storgatan 103,59.31428,18.16129,6,0,0,0,0,0,0,0,0
725,lägenhet,köpa,3,57,m²,True,2026-04-08,Strandvägen 53,59.31887,18.1557,6,0,0,0,0,0,0,0,0
726,hus,köpa,2,42,m²,True,2025-12-10,Drottninggatan 11,57.69272,11.95951,4,0,0,0,0,0,0,0,0
727,lägenhet,hyra,4,112,m²,True,2025-12-03,Parkvägen 10,57.70766,11.98412,11,0,0,0,0,0,0,0,0
728,hus,köpa,2,44,m²,True,2025-04-11,Sveavägen 63,57.71393,11.96546,11,0,0,0,0,0,0,0,0
729,hus,köpa,2,50,m²,True,2026-03-13,Björkgatan 34,55.60588,12.97405,3,0,0,0,0,0,0,0,0
730,lägenhet,köpa,4,80,m²,True,2025-04-18,Hornsgatan 39,55.57184,12.97104,10,0,0,0,0,0,0,0,0
731,hus,köpa,1,21,m²,True,2025-09-13,Sveavägen 12,55.56103,12.96621,10,0,0,0,0,0,0,0,0
732,hus,köpa,1,19,m²,True,2025-09-20,Björkgatan 11,59.30578,18.07421,14,0,0,0,0,0,0,0,0
733,hus,köpa,1,19,m²,True,2026-03-09,Storgatan 107,57.72668,11.89706,8,0,0,0,0,0,0,0,0
734,hus,köpa,4,88,m²,True,2025-09-27,Bergsgatan 76,59.34305,18.04509,19,0,0,0,0,0,0,0,0
735,lägenhet,köpa,2,44,m²,True,2026-01-13,Parkvägen 116,59.37531,18.15603,16,0,0,0,0,0,0,0,0
736,lägenhet,köpa,3,66,m²,False,2026-01-23,Skolvägen 87,57.69381,11.95763,4,0,0,0,0,0,0,0,0
737,hus,köpa,5,95,m²,True,2026-03-11,Strandvägen 56,59.30268,18.1698,6,0,0,0,0,0,0,0,0
738,hus,hyra,5,110,m²,True,2025-06-11,Bergsgatan 46,57.68931,11.93097,7,0,0,0,0,0,0,0,0
739,lägenhet,köpa,4,84,m²,True,2025-05-30,Kungsgatan 98,59.37726,17.89297,18,0,0,0,0,0,0,0,0
740,lägenhet,köpa,5,100,m²,False,2025-09-26,Bergsgatan 18,59.36745,18.00648,15,0,0,0,0,0,0,0,0
741,lägenhet,hyra,1,24,m²,True,2025-12-17,Kungsgatan 18,57.70844,11.97437,11,0,0,0,0,0,0,0,0
742,hus,köpa,4,112,m²,True,2025-04-18,Lindvägen 35,57.70386,11.94839,4,0,0,0,0,0,0,0,0
743,hus,köpa,6,150,m²,True,2025-10-18,Kungsgatan 84,55.58102,13.03274,2,0,0,0,0,0,0,0,0
744,hus,köpa,5,125,m²,True,2025-04-20,Lindvägen 94,57.73452,11.89724,8,0,0,0,0,0,0,0,0
745,hus,köpa,1,21,m²,True,2026-02-11,Kyrkogatan 81,55.61855,12.96607,3,0,0,0,0,0,0,0,0
746,lägenhet,hyra,1,28,m²,True,2025-12-05,Hornsgatan 115,55.59102,12.92675,5,0,0,0,0,0,0,0,0
747,hus,köpa,2,36,m²,True,2026-02-22,Storgatan 84,55.58717,12.933720000000001,5,0,0,0,0,0,0,0,0
748,lägenhet,köpa,3,84,m²,True,2025-05-02,Strandvägen 48,55.60677,12.96797,3,0,0,0,0,0,0,0,0
749,lägenhet,hyra,6,108,m²,True,2026-03-03,Hornsgatan 20,55.59209,13.02722,2,0,0,0,0,0,0,0,0
750,hus,köpa,4,84,m²,True,2026-01-10,Kungsgatan 74,57.73542,11.90495,8,0,0,0,0,0,0,0,0
751,hus,köpa,1,21,m²,True,2025-08-13,Skolvägen 29,55.58979,13.03713,2,0,0,0,0,0,0,0,0
752,lägenhet,köpa,1,23,m²,True,2025-10-19,Bergsgatan 49,59.33494,18.05525,19,0,0,0,0,0,0,0,0
753,lägenhet,hyra,6,150,m²,True,2026-03-28,Drottninggatan 36,59.31597,18.0809,14,0,0,0,0,0,0,0,0
754,lägenhet,hyra,5,105,m²,False,2025-05-28,Bergsgatan 116,55.57781,12.93058,5,0,0,0,0,0,0,0,0
755,lägenhet,köpa,2,38,m²,True,2025-10-18,Kungsgatan 92,55.61964,12.97927,3,0,0,0,0,0,0,0,0
756,hus,köpa,2,52,m²,False,2025-05-25,Hornsgatan 73,59.34879,18.05875,19,0,0,0,0,0,0,0,0
757,hus,köpa,3,57,m²,True,2026-02-09,Storgatan 73,55.58129,12.93733,5,0,0,0,0,0,0,0,0
758,lägenhet,köpa,5,110,m²,False,2025-11-15,Strandvägen 55,59.3351,18.0832,12,0,0,0,0,0,0,0,0
759,hus,köpa,3,69,m²,True,2025-12-27,Drottninggatan 43,59.36118,18.00953,15,0,0,0,0,0,0,0,0
760,lägenhet,hyra,2,42,m²,True,2026-01-13,Kyrkogatan 104,55.62038,12.98007,3,0,0,0,0,0,0,0,0
761,lägenhet,hyra,3,69,m²,False,2025-10-03,Parkvägen 98,57.69586,11.9351,7,0,0,0,0,0,0,0,0
762,lägenhet,köpa,3,84,m²,True,2025-07-16,Bergsgatan 76,55.56275,12.97081,10,0,0,0,0,0,0,0,0
763,lägenhet,hyra,1,20,m²,True,2025-11-03,Sveavägen 73,59.31197,17.9923,9,0,0,0,0,0,0,0,0
764,hus,köpa,6,144,m²,True,2026-03-18,Lindvägen 112,55.59002,12.93162,5,0,0,0,0,0,0,0,0
765,lägenhet,hyra,2,46,m²,True,2025-04-20,Strandvägen 60,55.58187,12.93166,5,0,0,0,0,0,0,0,0
766,hus,köpa,1,27,m²,True,2026-02-21,Storgatan 50,59.34507,18.04248,19,0,0,0,0,0,0,0,0
767,lägenhet,köpa,1,27,m²,False,2026-02-02,Skolvägen 98,59.36354,18.14828,16,0,0,0,0,0,0,0,0
768,hus,köpa,4,92,m²,True,2026-03-17,Hornsgatan 89,55.59005,13.02524,2,0,0,0,0,0,0,0,0
769,hus,köpa,5,130,m²,True,2026-03-04,Lindvägen 116,55.55625,12.97631,10,0,0,0,0,0,0,0,0
770,lägenhet,köpa,5,125,m²,True,2025-10-10,Kungsgatan 118,57.72827,11.90001,8,0,0,0,0,0,0,0,0
771,lägenhet,hyra,5,100,m²,False,2026-01-18,Lindvägen 11,55.58629,12.93476,5,0,0,0,0,0,0,0,0
772,lägenhet,hyra,2,42,m²,False,2025-08-28,Lindvägen 33,59.3381,18.03454,13,0,0,0,0,0,0,0,0
773,lägenhet,hyra,2,54,m²,True,2026-03-10,Sveavägen 93,55.57889,12.92151,5,0,0,0,0,0,0,0,0
774,lägenhet,köpa,4,100,m²,True,2025-08-18,Skolvägen 78,57.69469,11.94922,4,0,0,0,0,0,0,0,0
775,lägenhet,köpa,5,140,m²,True,2025-06-27,Storgatan 100,57.71399,11.9692,11,0,0,0,0,0,0,0,0
776,lägenhet,köpa,1,26,m²,True,2025-09-08,Skolvägen 73,55.581,12.9217,5,0,0,0,0,0,0,0,0
777,hus,köpa,5,90,m²,True,2025-11-29,Lindvägen 55,59.3491,18.05822,19,0,0,0,0,0,0,0,0
778,lägenhet,köpa,2,36,m²,True,2025-12-01,Lindvägen 84,57.73395,11.8991,8,0,0,0,0,0,0,0,0
779,hus,köpa,5,90,m²,False,2025-11-11,Skolvägen 75,57.70117,11.96896,11,0,0,0,0,0,0,0,0
780,lägenhet,hyra,4,112,m²,False,2025-05-23,Storgatan 103,59.30714,18.00851,9,0,0,0,0,0,0,0,0
781,hus,köpa,3,66,m²,False,2025-06-14,Storgatan 39,59.35301,17.97281,20,0,0,0,0,0,0,0,0
782,hus,köpa,4,104,m²,False,2025-12-23,Bergsgatan 117,57.7146,11.96972,11,0,0,0,0,0,0,0,0
783,lägenhet,köpa,2,56,m²,True,2025-06-27,Bergsgatan 79,57.70074,11.92723,7,0,0,0,0,0,0,0,0
784,lägenhet,köpa,6,114,m²,False,2025-07-26,Storgatan 29,57.70327,11.93324,7,0,0,0,0,0,0,0,0
785,lägenhet,hyra,4,100,m²,True,2025-06-21,Strandvägen 78,57.69543,11.9452,4,0,0,0,0,0,0,0,0
786,lägenhet,hyra,2,48,m²,True,2026-01-18,Storgatan 85,55.60811,12.98172,3,0,0,0,0,0,0,0,0
787,lägenhet,köpa,5,125,m²,False,2026-01-23,Strandvägen 109,57.70419,11.95251,4,0,0,0,0,0,0,0,0
788,hus,köpa,3,78,m²,True,2026-03-17,Lindvägen 120,55.60896,12.97461,3,0,0,0,0,0,0,0,0
789,lägenhet,hyra,3,78,m²,False,2026-03-20,Kyrkogatan 39,55.58303,12.92339,5,0,0,0,0,0,0,0,0
790,hus,köpa,4,108,m²,True,2025-04-20,Lindvägen 79,55.55483,12.97156,10,0,0,0,0,0,0,0,0
791,hus,köpa,1,19,m²,True,2026-01-26,Skolvägen 97,57.73379,11.89984,8,0,0,0,0,0,0,0,0
792,hus,hyra,2,42,m²,True,2026-01-06,Sveavägen 9,55.56127,12.98135,10,0,0,0,0,0,0,0,0
793,hus,köpa,6,150,m²,True,2026-02-17,Kungsgatan 24,55.58196,13.03946,2,0,0,0,0,0,0,0,0
794,hus,köpa,6,138,m²,True,2025-10-15,Kyrkogatan 115,55.58598,12.93326,5,0,0,0,0,0,0,0,0
795,lägenhet,hyra,4,76,m²,True,2026-03-19,Parkvägen 18,55.56747,12.96983,10,0,0,0,0,0,0,0,0
796,hus,köpa,3,78,m²,True,2025-12-29,Bergsgatan 93,55.61849,12.97043,3,0,0,0,0,0,0,0,0
797,lägenhet,hyra,1,25,m²,True,2026-01-18,Skolvägen 28,57.70261,11.97054,11,0,0,0,0,0,0,0,0
798,hus,köpa,5,90,m²,True,2025-04-12,Sveavägen 98,55.5705,12.97333,10,0,0,0,0,0,0,0,0
799,lägenhet,köpa,5,135,m²,False,2025-09-30,Storgatan 32,57.69138,11.93192,7,0,0,0,0,0,0,0,0
800,hus,köpa,3,60,m²,True,2025-05-22,Strandvägen 22,55.59461,12.92948,5,0,0,0,0,0,0,0,0
801,hus,köpa,5,90,m²,True,2026-03-02,Storgatan 8,57.7049,11.94156,7,0,0,0,0,0,0,0,0
802,lägenhet,köpa,6,168,m²,True,2025-08-22,Skolvägen 68,55.59238,13.03996,2,0,0,0,0,0,0,0,0
803,hus,köpa,4,80,m²,True,2025-10-22,Björkgatan 21,57.69237,11.92377,7,0,0,0,0,0,0,0,0
804,hus,hyra,6,132,m²,True,2026-02-20,Drottninggatan 23,55.59007,13.03271,2,0,0,0,0,0,0,0,0
805,hus,köpa,6,132,m²,True,2026-02-09,Sveavägen 72,59.33108,18.03567,13,0,0,0,0,0,0,0,0
806,hus,köpa,1,26,m²,False,2026-04-02,Parkvägen 118,57.70548,11.93189,7,0,0,0,0,0,0,0,0
807,hus,köpa,3,66,m²,True,2025-05-04,Storgatan 32,59.30667,18.06746,14,0,0,0,0,0,0,0,0
808,lägenhet,hyra,5,120,m²,True,2025-05-06,Sveavägen 93,57.7299,11.90179,8,0,0,0,0,0,0,0,0
809,lägenhet,hyra,2,46,m²,True,2025-10-30,Storgatan 20,59.38087,17.89181,18,0,0,0,0,0,0,0,0
810,lägenhet,köpa,4,108,m²,False,2026-04-07,Kyrkogatan 77,57.73226,11.90938,8,0,0,0,0,0,0,0,0
811,lägenhet,hyra,2,42,m²,False,2026-02-11,Storgatan 114,55.59723,13.03431,2,0,0,0,0,0,0,0,0
812,hus,köpa,1,25,m²,False,2025-05-02,Drottninggatan 16,59.34088,17.93746,1,0,0,0,0,0,0,0,0
813,hus,köpa,5,100,m²,False,2025-06-19,Lindvägen 71,59.30588,18.06426,14,0,0,0,0,0,0,0,0
814,hus,köpa,4,84,m²,True,2025-04-18,Björkgatan 56,55.59553,13.03526,2,0,0,0,0,0,0,0,0
815,hus,köpa,5,115,m²,True,2025-05-28,Skolvägen 22,55.59935,13.02972,2,0,0,0,0,0,0,0,0
816,hus,köpa,5,95,m²,False,2025-12-12,Hornsgatan 40,57.70441,11.93027,7,0,0,0,0,0,0,0,0
817,lägenhet,hyra,5,105,m²,True,2025-06-15,Kyrkogatan 19,55.58969,13.02435,2,0,0,0,0,0,0,0,0
818,lägenhet,hyra,3,78,m²,True,2025-12-16,Storgatan 66,59.33717,18.08121,12,0,0,0,0,0,0,0,0
819,hus,köpa,4,112,m²,True,2026-02-18,Drottninggatan 81,55.58394,12.92374,5,0,0,0,0,0,0,0,0
820,hus,hyra,1,23,m²,False,2025-05-09,Drottninggatan 92,57.70492,11.97233,11,0,0,0,0,0,0,0,0
821,lägenhet,köpa,4,108,m²,False,2025-08-01,Skolvägen 67,59.36345,17.96383,20,0,0,0,0,0,0,0,0
822,hus,köpa,5,105,m²,True,2025-10-08,Storgatan 10,55.58241,12.92063,5,0,0,0,0,0,0,0,0
823,hus,köpa,2,46,m²,True,2025-10-05,Kyrkogatan 68,55.59194,12.93194,5,0,0,0,0,0,0,0,0
824,lägenhet,hyra,2,46,m²,False,2025-05-18,Drottninggatan 77,55.59878,13.02487,2,0,0,0,0,0,0,0,0
825,lägenhet,köpa,4,76,m²,True,2025-08-10,Lindvägen 77,55.59481,12.93566,5,0,0,0,0,0,0,0,0
826,hus,köpa,2,54,m²,True,2026-01-29,Lindvägen 75,57.69411,11.94483,4,0,0,0,0,0,0,0,0
827,lägenhet,hyra,1,28,m²,True,2025-10-31,Bergsgatan 101,55.6089,12.96922,3,0,0,0,0,0,0,0,0
828,hus,köpa,3,54,m²,True,2025-10-13,Skolvägen 102,57.69725,11.95741,4,0,0,0,0,0,0,0,0
829,lägenhet,hyra,4,108,m²,True,2026-02-24,Strandvägen 30,57.70566,11.94496,4,0,0,0,0,0,0,0,0
830,lägenhet,köpa,4,92,m²,True,2026-03-23,Drottninggatan 116,59.33623,18.05781,19,0,0,0,0,0,0,0,0
831,hus,köpa,6,162,m²,True,2025-12-10,Kungsgatan 61,55.59652,13.02387,2,0,0,0,0,0,0,0,0
832,lägenhet,köpa,6,162,m²,True,2026-04-08,Skolvägen 2,59.33699,18.07556,12,0,0,0,0,0,0,0,0
833,lägenhet,hyra,3,66,m²,True,2025-10-31,Hornsgatan 109,57.72571,11.90674,8,0,0,0,0,0,0,0,0
834,hus,köpa,1,21,m²,True,2025-10-17,Bergsgatan 78,59.37068,17.97201,20,0,0,0,0,0,0,0,0
835,lägenhet,köpa,1,23,m²,True,2025-12-29,Björkgatan 101,59.37989,17.90077,18,0,0,0,0,0,0,0,0
836,hus,köpa,5,130,m²,True,2025-07-31,Storgatan 8,57.73291,11.89936,8,0,0,0,0,0,0,0,0
837,lägenhet,köpa,4,100,m²,True,2026-03-21,Drottninggatan 53,57.69587,11.95089,4,0,0,0,0,0,0,0,0
838,lägenhet,köpa,5,90,m²,True,2025-10-18,Drottninggatan 106,57.71278,11.98098,11,0,0,0,0,0,0,0,0
839,lägenhet,köpa,5,130,m²,True,2025-10-18,Björkgatan 53,55.56266,12.97806,10,0,0,0,0,0,0,0,0
840,lägenhet,köpa,4,96,m²,True,2025-07-07,Björkgatan 75,59.33363,18.02271,13,0,0,0,0,0,0,0,0
841,hus,köpa,4,112,m²,True,2026-02-09,Bergsgatan 103,59.31002,18.15831,6,0,0,0,0,0,0,0,0
842,lägenhet,köpa,4,72,m²,True,2026-04-04,Storgatan 41,59.30886,18.158,6,0,0,0,0,0,0,0,0
843,lägenhet,hyra,3,78,m²,True,2025-08-27,Lindvägen 106,57.71378,11.97655,11,0,0,0,0,0,0,0,0
844,hus,köpa,1,18,m²,True,2025-08-04,Parkvägen 85,59.31896,18.16811,6,0,0,0,0,0,0,0,0
845,lägenhet,hyra,1,28,m²,True,2025-09-22,Drottninggatan 30,55.59635,13.03065,2,0,0,0,0,0,0,0,0
846,lägenhet,köpa,2,54,m²,False,2025-10-03,Lindvägen 106,59.32871,18.07933,12,0,0,0,0,0,0,0,0
847,lägenhet,hyra,5,115,m²,True,2025-12-23,Björkgatan 25,55.58894,12.92366,5,0,0,0,0,0,0,0,0
848,lägenhet,hyra,3,75,m²,False,2025-05-01,Lindvägen 39,57.70712,11.92435,7,0,0,0,0,0,0,0,0
849,lägenhet,köpa,5,110,m²,True,2025-12-06,Drottninggatan 50,59.30584,18.06118,14,0,0,0,0,0,0,0,0
850,lägenhet,hyra,2,50,m²,True,2026-03-28,Drottninggatan 27,59.30257,18.15663,6,0,0,0,0,0,0,0,0
851,hus,köpa,3,63,m²,True,2026-03-08,Drottninggatan 29,59.34107,17.93884,1,0,0,0,0,0,0,0,0
852,hus,köpa,1,18,m²,True,2025-07-04,Kyrkogatan 44,55.56749,12.97261,10,0,0,0,0,0,0,0,0
853,hus,köpa,3,72,m²,True,2025-07-09,Kyrkogatan 106,57.69946,11.98314,11,0,0,0,0,0,0,0,0
854,hus,hyra,6,108,m²,True,2025-05-02,Kyrkogatan 115,59.36525,17.99305,15,0,0,0,0,0,0,0,0
855,hus,köpa,2,38,m²,True,2026-02-13,Parkvägen 104,57.6965,11.94796,4,0,0,0,0,0,0,0,0
856,hus,köpa,4,92,m²,False,2026-01-04,Kyrkogatan 61,55.58955,13.02914,2,0,0,0,0,0,0,0,0
857,lägenhet,hyra,1,19,m²,True,2025-07-14,Storgatan 71,59.3626,17.97279,20,0,0,0,0,0,0,0,0
858,hus,köpa,3,75,m²,False,2025-12-05,Bergsgatan 95,55.61963,12.983740000000001,3,0,0,0,0,0,0,0,0
859,lägenhet,köpa,1,28,m²,True,2025-07-10,Skolvägen 51,55.57047,12.97042,10,0,0,0,0,0,0,0,0
860,lägenhet,köpa,3,78,m²,False,2025-11-29,Kungsgatan 100,55.58771,13.03393,2,0,0,0,0,0,0,0,0
861,hus,köpa,5,135,m²,True,2025-08-12,Storgatan 72,57.70476,11.96526,11,0,0,0,0,0,0,0,0
862,lägenhet,köpa,4,72,m²,True,2025-11-09,Björkgatan 58,57.7265,11.89022,8,0,0,0,0,0,0,0,0
863,hus,köpa,6,156,m²,True,2025-05-22,Parkvägen 74,57.70266,11.96062,4,0,0,0,0,0,0,0,0
864,lägenhet,köpa,4,96,m²,False,2026-02-20,Kyrkogatan 62,55.55973,12.97299,10,0,0,0,0,0,0,0,0
865,lägenhet,hyra,4,92,m²,True,2025-07-12,Storgatan 116,59.33583,18.05633,19,0,0,0,0,0,0,0,0
866,lägenhet,köpa,1,27,m²,True,2026-01-25,Lindvägen 19,57.73614,11.89992,8,0,0,0,0,0,0,0,0
867,lägenhet,hyra,3,78,m²,True,2025-08-13,Kungsgatan 67,55.55228,12.97885,10,0,0,0,0,0,0,0,0
868,lägenhet,köpa,2,38,m²,True,2025-06-06,Sveavägen 65,55.61147,12.97965,3,0,0,0,0,0,0,0,0
869,hus,köpa,2,46,m²,True,2025-11-29,Sveavägen 28,55.55928,12.97578,10,0,0,0,0,0,0,0,0
870,lägenhet,köpa,2,42,m²,True,2026-01-17,Strandvägen 101,59.34835,18.05336,19,0,0,0,0,0,0,0,0
871,hus,köpa,5,125,m²,False,2025-09-26,Hornsgatan 17,59.33959,17.93305,1,0,0,0,0,0,0,0,0
872,lägenhet,hyra,3,54,m²,False,2025-12-09,Björkgatan 45,57.70455,11.948080000000001,4,0,0,0,0,0,0,0,0
873,hus,köpa,1,23,m²,True,2025-07-03,Kungsgatan 68,55.55453,12.97364,10,0,0,0,0,0,0,0,0
874,hus,köpa,2,50,m²,True,2025-07-25,Storgatan 40,55.56919,12.97873,10,0,0,0,0,0,0,0,0
875,hus,köpa,4,104,m²,True,2026-01-27,Parkvägen 116,57.71647,11.96574,11,0,0,0,0,0,0,0,0
876,hus,köpa,4,92,m²,True,2025-07-25,Lindvägen 71,59.31202,18.17098,6,0,0,0,0,0,0,0,0
877,lägenhet,köpa,6,120,m²,False,2026-03-02,Strandvägen 91,55.59835,13.03637,2,0,0,0,0,0,0,0,0
878,lägenhet,köpa,6,120,m²,True,2025-11-29,Storgatan 34,59.36899,17.96899,20,0,0,0,0,0,0,0,0
879,lägenhet,hyra,5,100,m²,True,2026-02-25,Bergsgatan 18,57.69462,11.93708,7,0,0,0,0,0,0,0,0
880,lägenhet,köpa,4,84,m²,True,2025-12-25,Kyrkogatan 64,55.59015,13.02677,2,0,0,0,0,0,0,0,0
881,hus,köpa,3,72,m²,True,2026-01-14,Lindvägen 95,55.58668,13.03761,2,0,0,0,0,0,0,0,0
882,lägenhet,hyra,6,132,m²,True,2025-11-26,Björkgatan 120,59.35521,17.99765,15,0,0,0,0,0,0,0,0
883,hus,köpa,1,27,m²,True,2026-03-30,Bergsgatan 58,55.61306,12.96641,3,0,0,0,0,0,0,0,0
884,hus,köpa,6,114,m²,True,2025-12-25,Strandvägen 51,57.70622,11.94842,4,0,0,0,0,0,0,0,0
885,hus,köpa,5,140,m²,True,2025-05-13,Lindvägen 81,55.56853,12.96807,10,0,0,0,0,0,0,0,0
886,hus,köpa,2,42,m²,True,2025-08-06,Lindvägen 90,57.70573,11.97597,11,0,0,0,0,0,0,0,0
887,lägenhet,köpa,1,18,m²,True,2025-07-01,Björkgatan 52,55.58099,12.93936,5,0,0,0,0,0,0,0,0
888,lägenhet,köpa,6,144,m²,True,2026-01-10,Kyrkogatan 48,59.35163,18.00231,15,0,0,0,0,0,0,0,0
889,hus,köpa,4,72,m²,False,2025-05-07,Sveavägen 68,59.3327,17.93502,1,0,0,0,0,0,0,0,0
890,lägenhet,hyra,2,46,m²,True,2025-12-28,Skolvägen 56,55.60969,12.97803,3,0,0,0,0,0,0,0,0
891,lägenhet,hyra,6,162,m²,True,2025-07-19,Sveavägen 10,59.23374,18.10068,17,0,0,0,0,0,0,0,0
892,lägenhet,köpa,6,150,m²,True,2026-04-04,Drottninggatan 28,55.56207,12.98174,10,0,0,0,0,0,0,0,0
893,hus,köpa,5,140,m²,False,2025-10-25,Skolvägen 13,59.23731,18.094,17,0,0,0,0,0,0,0,0
894,lägenhet,köpa,6,162,m²,True,2025-09-20,Strandvägen 7,59.31585,18.15671,6,0,0,0,0,0,0,0,0
895,hus,köpa,3,69,m²,False,2026-03-10,Drottninggatan 95,59.36852,17.96582,20,0,0,0,0,0,0,0,0
896,hus,köpa,4,104,m²,True,2025-12-25,Skolvägen 19,59.33863,18.08691,12,0,0,0,0,0,0,0,0
897,hus,köpa,3,66,m²,True,2026-02-13,Kungsgatan 48,59.37472,18.1459,16,0,0,0,0,0,0,0,0
898,hus,köpa,5,90,m²,True,2025-08-10,Kyrkogatan 97,59.32067,18.0661,14,0,0,0,0,0,0,0,0
899,hus,köpa,3,72,m²,True,2025-12-28,Skolvägen 78,55.58823,12.93816,5,0,0,0,0,0,0,0,0
900,hus,köpa,4,100,m²,True,2026-01-04,Skolvägen 15,57.69879,11.95926,4,0,0,0,0,0,0,0,0
901,hus,köpa,6,108,m²,True,2025-12-06,Björkgatan 85,55.57987,12.93503,5,0,0,0,0,0,0,0,0
902,lägenhet,hyra,5,110,m²,True,2025-10-14,Hornsgatan 108,59.38677,17.90258,18,0,0,0,0,0,0,0,0
903,lägenhet,köpa,5,100,m²,True,2025-07-11,Kungsgatan 2,59.30119,18.16403,6,0,0,0,0,0,0,0,0
904,hus,köpa,2,44,m²,True,2025-10-06,Storgatan 109,57.69996,11.96955,11,0,0,0,0,0,0,0,0
905,lägenhet,hyra,5,115,m²,True,2025-04-22,Hornsgatan 1,59.36049,18.14816,16,0,0,0,0,0,0,0,0
906,hus,köpa,4,112,m²,True,2025-09-10,Strandvägen 32,59.3101,18.00327,9,0,0,0,0,0,0,0,0
907,lägenhet,köpa,1,28,m²,True,2026-01-17,Sveavägen 113,55.56327,12.970040000000001,10,0,0,0,0,0,0,0,0
908,hus,köpa,6,126,m²,True,2026-03-09,Parkvägen 108,59.32343,18.03433,13,0,0,0,0,0,0,0,0
909,lägenhet,hyra,6,108,m²,True,2025-07-13,Sveavägen 73,57.70849,11.94002,7,0,0,0,0,0,0,0,0
910,hus,köpa,3,66,m²,True,2025-12-12,Björkgatan 102,59.36622,18.15536,16,0,0,0,0,0,0,0,0
911,lägenhet,köpa,2,38,m²,True,2025-11-06,Hornsgatan 36,55.60343,12.9687,3,0,0,0,0,0,0,0,0
912,lägenhet,köpa,5,115,m²,True,2025-12-28,Parkvägen 120,55.61651,12.97478,3,0,0,0,0,0,0,0,0
913,lägenhet,köpa,4,112,m²,True,2025-05-29,Storgatan 84,59.38382,17.89812,18,0,0,0,0,0,0,0,0
914,hus,köpa,2,50,m²,True,2025-07-10,Lindvägen 45,55.55328,12.975670000000001,10,0,0,0,0,0,0,0,0
915,lägenhet,hyra,6,150,m²,True,2025-04-19,Parkvägen 27,57.695,11.93695,7,0,0,0,0,0,0,0,0
916,hus,köpa,5,100,m²,False,2025-05-30,Strandvägen 84,59.33026,18.02799,13,0,0,0,0,0,0,0,0
917,lägenhet,hyra,2,42,m²,True,2025-06-05,Lindvägen 59,59.37969,17.90186,18,0,0,0,0,0,0,0,0
918,lägenhet,hyra,3,57,m²,True,2026-02-18,Skolvägen 63,59.36005,17.96826,20,0,0,0,0,0,0,0,0
919,hus,köpa,2,46,m²,True,2025-12-11,Storgatan 50,55.59142,12.92414,5,0,0,0,0,0,0,0,0
920,hus,köpa,4,100,m²,True,2025-12-20,Strandvägen 33,59.37377,18.14759,16,0,0,0,0,0,0,0,0
921,lägenhet,hyra,6,168,m²,False,2026-01-04,Drottninggatan 11,55.61481,12.96975,3,0,0,0,0,0,0,0,0
922,lägenhet,köpa,6,150,m²,True,2025-05-20,Kungsgatan 73,57.73156,11.89885,8,0,0,0,0,0,0,0,0
923,hus,köpa,2,40,m²,False,2025-05-07,Drottninggatan 10,55.61257,12.981630000000001,3,0,0,0,0,0,0,0,0
924,lägenhet,köpa,3,60,m²,True,2026-01-23,Skolvägen 51,55.59599,12.93533,5,0,0,0,0,0,0,0,0
925,lägenhet,köpa,1,23,m²,False,2025-06-23,Drottninggatan 60,55.57926,12.92498,5,0,0,0,0,0,0,0,0
926,hus,hyra,2,38,m²,True,2025-09-16,Lindvägen 19,59.24206,18.0957,17,0,0,0,0,0,0,0,0
927,hus,köpa,4,84,m²,True,2025-04-18,Parkvägen 79,57.6877,11.94833,4,0,0,0,0,0,0,0,0
928,lägenhet,köpa,2,38,m²,False,2025-11-01,Parkvägen 14,57.70573,11.92681,7,0,0,0,0,0,0,0,0
929,hus,köpa,3,84,m²,False,2025-09-12,Kyrkogatan 114,59.31688,18.06419,14,0,0,0,0,0,0,0,0
930,lägenhet,hyra,1,22,m²,True,2026-01-21,Skolvägen 77,57.69498,11.92428,7,0,0,0,0,0,0,0,0
931,hus,köpa,3,69,m²,True,2025-04-21,Björkgatan 73,57.70569,11.94193,7,0,0,0,0,0,0,0,0
932,hus,köpa,3,54,m²,True,2026-03-15,Storgatan 115,55.61666,12.96975,3,0,0,0,0,0,0,0,0
933,lägenhet,hyra,3,78,m²,True,2025-09-07,Parkvägen 1,59.38519,17.91002,18,0,0,0,0,0,0,0,0
934,lägenhet,köpa,6,156,m²,True,2025-08-14,Kungsgatan 80,55.60633,12.98149,3,0,0,0,0,0,0,0,0
935,lägenhet,köpa,5,95,m²,True,2026-02-12,Parkvägen 51,55.55759,12.9719,10,0,0,0,0,0,0,0,0
936,hus,köpa,6,150,m²,True,2025-06-03,Kyrkogatan 24,55.59139,12.93923,5,0,0,0,0,0,0,0,0
937,hus,köpa,2,56,m²,True,2026-02-26,Hornsgatan 7,57.70887,11.93028,7,0,0,0,0,0,0,0,0
938,lägenhet,köpa,3,81,m²,True,2025-10-14,Drottninggatan 65,57.69693,11.93199,7,0,0,0,0,0,0,0,0
939,lägenhet,hyra,1,27,m²,True,2025-11-08,Lindvägen 57,57.69668,11.96091,4,0,0,0,0,0,0,0,0
940,hus,köpa,6,132,m²,False,2025-10-01,Bergsgatan 64,57.72012,11.89564,8,0,0,0,0,0,0,0,0
941,hus,köpa,2,42,m²,True,2026-01-04,Kungsgatan 4,55.59337,12.92749,5,0,0,0,0,0,0,0,0
942,lägenhet,köpa,4,112,m²,True,2025-05-27,Sveavägen 8,57.71319,11.97312,11,0,0,0,0,0,0,0,0
943,lägenhet,köpa,5,110,m²,True,2026-01-23,Bergsgatan 40,55.56563,12.98433,10,0,0,0,0,0,0,0,0
944,lägenhet,hyra,1,26,m²,True,2025-09-28,Björkgatan 70,55.60562,12.96649,3,0,0,0,0,0,0,0,0
945,lägenhet,köpa,6,156,m²,True,2026-03-10,Bergsgatan 29,59.23477,18.10194,17,0,0,0,0,0,0,0,0
946,hus,köpa,1,21,m²,True,2025-08-30,Skolvägen 97,57.70392,11.93682,7,0,0,0,0,0,0,0,0
947,lägenhet,köpa,4,100,m²,True,2025-07-12,Parkvägen 94,59.24815,18.097,17,0,0,0,0,0,0,0,0
948,lägenhet,köpa,4,72,m²,True,2026-03-15,Storgatan 7,55.58748,13.02751,2,0,0,0,0,0,0,0,0
949,lägenhet,köpa,4,76,m²,True,2025-05-22,Sveavägen 101,57.70386,11.95532,4,0,0,0,0,0,0,0,0
950,hus,köpa,5,130,m²,False,2025-12-11,Kyrkogatan 99,57.70641,11.97183,11,0,0,0,0,0,0,0,0
951,hus,köpa,1,18,m²,True,2026-01-03,Skolvägen 107,55.59951,13.03655,2,0,0,0,0,0,0,0,0
952,hus,köpa,4,76,m²,True,2025-07-15,Kyrkogatan 62,55.61679,12.96887,3,0,0,0,0,0,0,0,0
953,lägenhet,köpa,1,25,m²,True,2025-08-04,Kungsgatan 95,55.61384,12.96819,3,0,0,0,0,0,0,0,0
954,hus,köpa,5,95,m²,True,2026-02-17,Kungsgatan 97,59.36864,17.96358,20,0,0,0,0,0,0,0,0
955,lägenhet,hyra,5,110,m²,True,2026-03-03,Hornsgatan 12,57.69743,11.94357,4,0,0,0,0,0,0,0,0
956,hus,köpa,2,56,m²,True,2025-06-22,Storgatan 40,59.30713,18.15866,6,0,0,0,0,0,0,0,0
957,hus,köpa,3,54,m²,True,2025-05-14,Storgatan 70,57.69583,11.95819,4,0,0,0,0,0,0,0,0
958,hus,köpa,1,22,m²,True,2025-07-05,Hornsgatan 15,55.56502,12.96858,10,0,0,0,0,0,0,0,0
959,hus,köpa,6,162,m²,True,2025-11-24,Bergsgatan 47,55.5993,13.03664,2,0,0,0,0,0,0,0,0
960,lägenhet,köpa,1,21,m²,True,2025-09-14,Kungsgatan 109,57.70849,11.96999,11,0,0,0,0,0,0,0,0
961,hus,köpa,2,38,m²,True,2025-07-29,Björkgatan 27,55.59172,13.02861,2,0,0,0,0,0,0,0,0
962,lägenhet,hyra,3,54,m²,False,2025-07-02,Bergsgatan 36,57.72056,11.89064,8,0,0,0,0,0,0,0,0
963,lägenhet,hyra,5,100,m²,True,2025-05-26,Strandvägen 29,59.23839,18.09221,17,0,0,0,0,0,0,0,0
964,hus,köpa,5,125,m²,False,2025-06-29,Parkvägen 92,57.73314,11.90654,8,0,0,0,0,0,0,0,0
965,lägenhet,köpa,4,112,m²,False,2025-04-27,Björkgatan 51,57.70139,11.98081,11,0,0,0,0,0,0,0,0
966,lägenhet,köpa,4,92,m²,True,2026-02-22,Storgatan 113,57.70062,11.98228,11,0,0,0,0,0,0,0,0
967,hus,köpa,4,88,m²,False,2025-06-23,Sveavägen 87,57.73095,11.8912,8,0,0,0,0,0,0,0,0
968,lägenhet,köpa,6,126,m²,True,2025-06-27,Storgatan 104,57.70256,11.96849,11,0,0,0,0,0,0,0,0
969,lägenhet,köpa,4,104,m²,False,2025-12-21,Skolvägen 18,57.68943,11.93107,7,0,0,0,0,0,0,0,0
970,lägenhet,hyra,3,75,m²,True,2025-04-28,Bergsgatan 18,55.59308,12.92064,5,0,0,0,0,0,0,0,0
971,hus,hyra,2,48,m²,True,2025-04-10,Parkvägen 35,59.31143,17.99593,9,0,0,0,0,0,0,0,0
972,hus,köpa,2,40,m²,False,2025-04-30,Bergsgatan 57,55.58151,12.92069,5,0,0,0,0,0,0,0,0
973,lägenhet,hyra,2,36,m²,True,2026-01-31,Lindvägen 96,59.38325,17.90148,18,0,0,0,0,0,0,0,0
974,hus,köpa,4,108,m²,True,2025-09-29,Lindvägen 16,57.7307,11.90842,8,0,0,0,0,0,0,0,0
975,lägenhet,köpa,5,130,m²,True,2025-05-20,Bergsgatan 48,57.72078,11.90672,8,0,0,0,0,0,0,0,0
976,lägenhet,köpa,4,100,m²,True,2026-02-22,Björkgatan 119,59.32653,18.03085,13,0,0,0,0,0,0,0,0
977,hus,köpa,6,150,m²,False,2025-08-11,Skolvägen 75,55.5613,12.98468,10,0,0,0,0,0,0,0,0
978,lägenhet,hyra,5,120,m²,True,2025-06-27,Lindvägen 109,57.70061,11.93465,7,0,0,0,0,0,0,0,0
979,hus,köpa,4,100,m²,True,2026-02-17,Björkgatan 88,59.37457,18.1426,16,0,0,0,0,0,0,0,0
980,hus,köpa,5,130,m²,True,2026-01-19,Hornsgatan 17,59.33803,18.07396,12,0,0,0,0,0,0,0,0
981,hus,köpa,6,156,m²,False,2025-09-22,Björkgatan 87,57.70664,11.96505,11,0,0,0,0,0,0,0,0
982,lägenhet,hyra,6,126,m²,False,2025-05-22,Kungsgatan 80,59.31709,18.07535,14,0,0,0,0,0,0,0,0
983,lägenhet,köpa,3,57,m²,True,2025-10-25,Skolvägen 6,57.70723,11.97615,11,0,0,0,0,0,0,0,0
984,hus,köpa,6,156,m²,True,2026-01-11,Kungsgatan 40,55.56958,12.98436,10,0,0,0,0,0,0,0,0
985,hus,hyra,3,75,m²,True,2025-09-06,Skolvägen 5,55.5614,12.9785,10,0,0,0,0,0,0,0,0
986,lägenhet,köpa,6,162,m²,True,2025-04-18,Sveavägen 79,57.72268,11.90878,8,0,0,0,0,0,0,0,0
987,hus,köpa,6,114,m²,True,2026-01-13,Sveavägen 9,55.55492,12.98098,10,0,0,0,0,0,0,0,0
988,hus,köpa,6,126,m²,True,2025-04-23,Drottninggatan 40,55.55533,12.96936,10,0,0,0,0,0,0,0,0
989,hus,köpa,2,50,m²,False,2026-01-21,Sveavägen 43,57.70562,11.92943,7,0,0,0,0,0,0,0,0
990,lägenhet,hyra,6,156,m²,True,2025-09-19,Storgatan 100,59.3093,18.15764,6,0,0,0,0,0,0,0,0
991,hus,köpa,4,112,m²,True,2025-05-16,Skolvägen 12,57.69469,11.95875,4,0,0,0,0,0,0,0,0
992,hus,köpa,3,63,m²,True,2025-07-24,Drottninggatan 113,57.690690000000004,11.9303,7,0,0,0,0,0,0,0,0
993,lägenhet,hyra,1,25,m²,True,2025-11-20,Kungsgatan 115,59.33495,18.02676,13,0,0,0,0,0,0,0,0
994,hus,köpa,2,40,m²,True,2025-12-16,Lindvägen 70,59.36432,18.14577,16,0,0,0,0,0,0,0,0
995,lägenhet,hyra,5,110,m²,True,2025-04-30,Drottninggatan 43,59.33041,18.02316,13,0,0,0,0,0,0,0,0
996,lägenhet,hyra,5,125,m²,True,2025-08-17,Kyrkogatan 86,57.71343,11.97619,11,0,0,0,0,0,0,0,0
997,lägenhet,hyra,1,25,m²,True,2025-10-11,Parkvägen 13,55.58864,13.04006,2,0,0,0,0,0,0,0,0
998,lägenhet,köpa,1,24,m²,True,2026-01-18,Sveavägen 95,57.73627,11.89445,8,0,0,0,0,0,0,0,0
999,lägenhet,köpa,6,144,m²,False,2025-10-17,Bergsgatan 97,55.55269,12.96671,10,0,0,0,0,0,0,0,0
1000,hus,köpa,3,54,m²,True,2025-11-30,Björkgatan 104,59.35543,17.97653,20,0,0,0,0,0,0,0,0
